aspectRatio,pageviews
2.25,23526
1.3125,8923
2,155331
3,196
4,51
0.9837,15
0.5625,2041
1,8098
1.6145,232
10,5
11,4
14,6
2.7442,5
17,8
18,2
19,2
22,11
23,6
2.1413,3
29,21
30,19
0.75,1022
0.8939,38
34,7
35,18
6,30
39,16
40,2
2.069,1046
7,12
2.4675,23
1.012,10
2.1398,31
50,10
1.8395,191
1.217,7
2.1354,4
0.6353,3
2.0926,1044
0.58,3
2.6761,17
0.6724,45
1.3254,12
2.2179,48
3.1944,1
1.9339,11
1.5364,20
1.0887,11
0.8828,5
1.5843,172
1.1398,112
0.8403,6
2.5612,3
125,1
1.7288,708
137,1
0.953,3
1.5301,259
2.5882,13
0.9492,9
2.3836,35
2.3051,158
2.1458,100
1.8358,1140
2.2778,497
1.4091,691
0.5,81
1.8396,15
1.5526,670
1.1552,51
1.7517,20
1.0446,12
2.3457,50
0.8944,26
0.8483,2
1.8952,11
1.4259,241
1.8318,24
1.6389,422
1.8041,92
1.6721,653
0.8358,16
1.7415,9
1.9722,2816
3.1622,4
1.0609,10
1.8359,3
2.0841,12
2.0247,136
2.3857,13
0.746,3
1.8451,734
1.7172,14
2.3053,18
1.23,95
1.5528,12
1.1553,23
0.9038,28
6.8889,1
1.6852,124
0.8922,12
1.5366,1511
1.8522,5
1.7416,234
1.6753,386
1.631,206
2.7018,3
1.3364,13
1.3919,357
3.5429,3
1.5691,9
1.3441,289
3.7317,3
1.5581,219
1.061,11
1.4082,53
2.2143,565
2.0753,127
1.4815,723
1.5431,2
1.4423,55
3.1579,7
1.0448,976
0.992,13
1.9342,118
1.1392,8
4.9211,2
4.5806,1
0.973,230
2.5455,37
1.3604,25
1.9664,5
2.4,1018
0.9647,16
1.7417,23
1.0562,192
1.8617,124
0.9919,44
2.0556,457
1.0611,6
1.9505,2
1.553,11
0.8014,3
1.7742,990
2.9524,18
1.6636,35
3.2826,2
1.2661,19
1.8966,816
2.0294,649
1.8686,83
2.6392,2
1.4711,7
0.7888,1
1.3605,235
2.875,57
1.464,3
0.9725,10
0.803,24
0.9245,17
0.8958,8
1.5116,163
1.963,852
0.7302,5
0.7889,8
1.3385,89
1.2065,83
1.0612,19
1.7534,7039
1.3768,94
1.507,329
1.1556,169
1.0396,20
1.7581,617
2.0795,74
0.9216,15
2.1127,1366
1.2063,105
2.0533,488
1.9487,2715
0.6385,3
1.5856,11
2.6216,2
0.9754,21
1.1881,21
2.3133,52
1.0775,2
1.5656,2
1.9016,855
1.5694,512
1.1719,177
1.3543,10
2.0441,489
9.4,1
1.6638,133
1.1833,93
1.2388,46
1.7882,699
1.8542,125
1.055,5
1.4756,189
1.1594,36
1.4875,235
1.09,17
3.2778,2
1.5283,69
0.9593,2
2.4706,131
2.1441,16
1.1557,17
1.7582,173
1.8962,26
111,1
1.0135,436
2.0804,7
1.0776,16
1.6047,114
1.6963,2
1.7246,496
2.3731,32
4.1212,2
0.8353,11
0.5818,303
1.5352,327
1.463,1095
1.2826,180
1.0614,8
2.9512,4
1.1531,18
1.7711,85
1.6639,9
0.6581,6
1.8689,1217
0.988,9
1.5982,7
0.7606,8
3.0968,6
0.7625,14
1.2045,113
0.9792,409
5.0909,2
0.4596,18
0.3016,6
1.582,26
2.0918,25
1.1845,7
1.9545,902
1.9468,213
1.7048,5
2.5224,10
0,62
0.9452,78
0.5667,5
2.2075,292
1.1721,9
0.8229,5
2.2949,44
1.8673,231
2.3165,8
1.5039,24
1.3933,379
0.7458,3
1.8852,1069
1.7479,57
1.5672,358
1.7746,4224
3.9063,2
1.0902,13
0.8588,15
1.9796,107
0.5903,43
0.566,14
2.5373,3
2.8358,31
1.05,114
2.2696,13
1.9429,805
1.299,1398
1.6146,118
0.6949,32
1.504,8
0.7426,2
0.7391,163
2.0395,130
1.2828,60
1.6203,244
0.6447,469
2.7206,2
1.6552,501
2.8065,2
2.1644,7082
1.5984,16
1.1982,17
1.8156,8
1.9178,1081
1.8072,199
2.5591,4
2.2754,102
0.9775,23
1.4098,113
1.1885,10
1.956,113
1.791,706
1.6964,1689
2.4507,17
1.0857,84
2.623,2
1.6147,13
0.6615,6
1.5041,14
4.4333,2
1.8197,788
2.4648,5
1.8235,3173
1.4638,2863
1.8854,120
1.7342,375
2.4038,175
1.3154,3
0.6273,14
1.5,10354
1.8073,13
0.7593,19
1.3116,5
0.8786,6
3.6667,21
1.4595,358
2.4194,39
2.1525,2675
0.3727,4
0.8374,3
1.2992,18
3.925,3
0.8323,7
1.6148,44
2.3896,14
1.5042,2
1.8723,77
2.06,101
1.5083,7
2.8393,9
1.2198,77
2.1923,190
1.6518,6
2.0519,22142
1.8198,3
0.8733,1
2.0291,17
2.5238,36
1.4261,5
2.3026,11
2.1061,403
2.0921,662
2.3881,23
3.2245,20
1.8074,2
3.15,10
3.3462,4
1.0124,3
0.8316,5
4.5172,1
2.3676,9
0.9438,82
2.2083,734
0.8681,45
3.3514,4
1.4386,52
1.328,45
1.5043,4
1.3133,139
3.6765,3
0.6908,2
2.114,4
0.5783,19
1.9466,57
1.7216,102
1.8037,5
3.4783,14
2.6833,17
1.4224,11
0.5932,19
1.9136,121
1.1393,3
2.3582,82
2.0317,11664
1.9794,2039
2.7188,9
1.5325,318
0.7852,4
1.2553,151
1.41,49
0.7955,10
1.3889,1002
1.6198,4
3.1304,18
0.9912,27
2.589,2
1.1069,2
1.1122,29
1.4425,5
1.045,9
0.8696,59
1.8469,187
1.7094,10
1.1901,29
1.37,42
2.7826,49
1.0288,10
3.2162,2
1.5478,10
1.9126,2
2.1728,116
2.2838,25
1.25,1286
1.8346,19
2.8723,26
1.6354,81
0.898,19
1.3444,240
3.122,14
1.9469,2
4.6786,6
1.4388,55
0.9796,60
0.8511,14
2.0154,628
0.7769,9
1.9307,4
1.0451,2
0.8487,70
0.6563,24
1.9302,1667
1.4264,12
1.0118,32
2.7805,14
1.4487,383
1.0667,323
2.898,6
0.6596,8
0.7183,4
2.2935,8
3.1556,4
2.4032,18
1.3445,4
1.593,182
2.1124,149
2.7234,18
1.2339,28
1.8364,318
0.726,163
0.945,11
2.2987,31
1.4839,466
2.0156,1354
1.947,2
1.161,7
2.0116,781
0.961,67
1.3043,308
5.04,1
1.9308,14
0.6049,2
1.4478,178
1.7583,17
3.1905,8
0.65,18
1.481,295
1.974,6156
1.029,37
1.4186,319
0.7045,24
1.3608,92
2.1101,2
1.7802,220
3.8889,2
2.411,4
1.3932,23
1.0551,11
1.0577,23
2.038,104
2.0777,2
1.8365,152
1.664,7
1.439,164
1.0234,73
1.5534,51
0.7463,11
0.9494,43
0.9459,72
1.5372,3
0.882,15
1.4715,10
2.3934,29
2.6222,8
1.5758,793
1.3188,49
1.6588,129
2.7925,6
1.4553,11
2.3108,3
1.5659,2
2.1791,78
2.1026,42
1.0388,25
2.0448,3294
1.6117,39
0.9923,2
2.0594,11
1.6641,21
1.1228,43
1.156,8
0.8718,58
0.9308,12
1.807,263
0.5926,909
2.8286,4
2.1429,37300
2.0125,69
1.7423,339
1.4831,302
1.8511,135
0.8627,11
1.098,12
1.6306,20
1.1685,93
1.1508,6
2.5281,3
2.4808,79
1.0579,8
0.6136,7
2.1507,194
1.7748,8
1.9174,4
2.0562,133
2.2297,46
1.6642,2
0.9291,11
1.3256,151
1.648,5
2.1839,1348
1.9798,15
0.7317,1207
0.6032,1768
1.8692,4
1.7586,649
1.3611,120
1.1504,8
2.137,111
1.8404,102
1.3279,50
1.0709,23
1.039,75
0.6282,28
1.6744,1031
1.283,48
2.0583,28
1.8855,6
1.1524,8
1.3774,11
1.7018,223
1.9732,3
2.5149,6
1.2523,34
0.7246,24
0.7791,4
0.5256,6
1.693,3
0.7527,3
0.8099,10
1.1849,11
1.6771,111
2.049,7
1.7874,6
1.6768,3173
1.4476,32
1.7912,129
1.2793,21
1.6102,163
1.7907,301
1.0581,144
1.0504,1
1.6606,13
2.0548,311
5.32,1
1.646,3
2.3729,34
1.2455,16
1.8929,611
1.5987,2
1.4881,484
2.9385,8
1.98,222
0.8595,7
1.5825,14
1.0744,13
0.573,2
1.33,41
2.4026,16
1.4486,24
1.3034,126
3.25,16
1.7875,2113
2.9016,9
1.0105,70
2.1461,673
1.7286,924
2.1209,8
1.7635,4
1.5934,129
1.9068,3
1.4882,10
1.1119,12
2.375,644
0.8235,38
0.5614,25129
1.472,15
3.098,5
2.2615,29
2.3649,4
1.4747,30
1.4063,252
2.8088,241
1.5826,8
5.68,1
0.6829,2
1.3623,68
1.6506,133
1.084,8
1.5045,5
2.4021,3
1.419,41
1.1053,200
0.9125,12
2.6271,5
0.8976,5
1.7752,10
0.9597,28
2.1045,653
1.1443,28
5.6842,1
0.9213,57
0.9015,7
1.6933,648
1.1969,33
1.5827,13
0.8352,34
1.9145,21
1.7835,149
0.7833,15
1.52,727
0.9178,56
1.5821,301
1.8876,424
0.1988,10
2.2708,171
1.8983,481
1.8068,301
0.8429,26
1.7877,22
2.8923,3
1.3902,139
1.1739,270
1.5046,23
1.2177,21
1.2796,175
1.3173,9
4.6471,3
1.1071,60
1.531,14
0.8797,10
0.8451,10
2.0182,218
2.3167,125
0.8244,1
1.4884,469
1.1807,36
1.0909,243
1.8202,172
0.8716,8
2.1081,228
2.7458,5
0.8163,9
1.3067,135
1.2015,4
1.6934,4
1.2959,32
1.8984,6
1.3731,36
0.9318,34
1.5645,872
0.976,31
0.5902,899
1.6769,537
1.2895,72
1.2178,28
1.1609,155
1.5098,303
1.7097,878
2.1833,427
1.2016,49
0.5862,12
1.0291,20
1.6935,592
1.296,12
1.7849,17552
1.4627,351
1.0737,119
0.8286,57
0.8876,20
1.7733,1739
2.3864,166
1.4066,720
1.0091,5
1.1235,44
0.9718,49
1.4592,43
1.5147,296
1.5048,334
2.6047,11
1.725,620
2.527,11
1.8125,1527
1.7125,515
2.5574,9
2.0455,109941
1.2017,17
1.3937,22
2.7037,2
2.5849,85
2.4459,21
2.2642,138
2.4328,17
3.0426,41
1.2647,103
1.5211,300
1.0092,6
0.9385,61
1.1236,101
0.7921,5
3.0943,2
0.7759,5
2.2609,114
2.14,223
1.1074,14
1.5316,226
1.49,76
1.7404,55
1.94,157
1.679,462
1.9845,77
1.0417,395
1.8205,16301
1.2676,88
1.7099,2
1.7778,10172
2.0105,811
0.7412,3
2.8846,4
1.5955,194
1.2754,34
1.547,12
1.7424,838
1.9863,253
1.0656,479
1.0093,11
1.8241,4
1.1237,28
1.4393,9
1.9158,89
0.9905,37
2.0783,10
0.9352,4
1.2738,121
1.0168,16
2.6892,2
2.0459,4
1.9861,2409
2.4559,3
1.6481,34
2.2766,146
1.5326,155
1.4094,17
1.14,35
1.6281,10
1.5175,16
1.2344,111
1.6814,961
0.8493,76
2.0132,82
3.1515,2
3.5313,1
1.55,1015
1.1525,54
1.3288,111
1.1505,129
1.1186,79
1.9241,2378
2.7097,4
1.1414,18
1.1793,4
2.0421,2
3.6316,2
2.6154,30
0.7451,217
2.2162,52
2.2647,133
1.1938,10
2.3519,222
1.8532,40
2.6825,3
2.5577,45
1.7426,25
1.3451,12
1.1239,14
0.874,4
0.9592,67
0.8932,11
1.3289,485
1.62,123
2.3385,318
1.9314,10
2.0108,153
1.6607,34
1.2632,244
1.9147,4
1.042,1
0.6279,7
1.2759,179
1.5814,273
2.0531,7
1.7589,2
1.3614,116
1.8533,1012
2.3433,54
2.3293,20
1.2346,96
2.0494,579
1.9639,100
2.093,883
1.1892,74
1.4806,17
4.3333,7
1.0583,48
1.3151,113
2.0789,9151
0.8191,924
0.7531,11
2.122,63
1.0171,5
1.697,809
0.7919,27
1.6832,80
1.3012,88
1.8696,940
1.0988,64
1.2124,30
2.0496,10
1.8923,1743
1.8534,5
0.6094,180
2.4079,46
2.0814,42
0.9915,67
1.1217,7
1.0584,1
1.3208,29
1.9478,71
0.9435,3
0.6308,6517
1.8452,231
1.169,79
2.0172,557
0.9255,26
1.7414,1224
1.3778,264
2.2157,166
1.1528,82
1.1744,85
2.8696,3
1.9155,674
2.2447,12
1.9655,976
1.521,8
2.16,1918
0.8082,12
1.456,7
0.7529,9
1.9294,196
1.6772,7
3.8286,3
1.2797,7
1.2612,20
0.8514,34
2.1978,21
1.8276,602
1.6854,180
0.8554,4
3.8529,2
2.7105,5
0.8934,2
6.5,118
0.7229,554
1.4353,170
2.2759,287
1.4885,35
2.6486,4
0.9327,27
1.9804,646
2.0424,3
1.1158,136
2.4746,43
1.0748,22
0.4364,4
0.6579,8
1.7157,48
1.1067,69
1.1692,94
0.9012,33
3.4762,4
2.1481,174
4.5667,2
2.5098,96
4.2667,1
0.8968,8
1.7717,196
1.566,42
1.0177,2
1.4886,235
1.2636,14
0.8426,2
0.8953,293
1.8661,14
1.5926,347
1.6693,8
1.8699,2
1.6733,35
1.358,209
1.4724,7
2.3038,7
1.403,365
1.9561,4
1.9643,600
4.3478,2
0.8503,15
1.1481,101
2.2267,67
2.4627,10
1.8986,541
1.3061,70
1.6774,844
1.8824,14713
1.1111,532
1.2544,3
0.968,11
0.8837,46
1.984,3
1.4537,25
0.8785,34
2.0745,3
1.6889,224
1.5317,4
1.3868,12
1.8043,13575
1.6937,14
1.3293,120
2.3396,105
1.1856,24
1.1967,71
1.075,37
2.0504,3
2.3696,54
1.8679,180
2.3538,9
1.1694,32
2.4928,2
1.3906,90
1.0246,63
1.8081,101
2.5254,13
0.6587,3
1.71,45
2.1977,126
0.8061,4
0.9901,7
0.6825,6
1.2019,5
0.5965,24
3.2581,2
1.8704,458
2.791,2
1.4697,205
1.0877,231
1.5093,14
0.6667,3162
0.7879,3
1.2963,238
1.6044,108
1.6119,280
2.1059,83
2.5294,44
2.6818,5
2.1404,612
2.2727,654
3.2889,2
0.7681,4
0.9831,11
0.9785,844
0.725,13
2.1972,128
1.3739,61
1.8045,7
2.1139,239
1.6939,2170
0.7284,2
1.5833,1333
1.252,47
1.8989,123
1.5176,139
2.2169,14
2.1406,2780
1.0992,68
0.7222,12
0.8427,7
0.6159,10
2.1705,454
1.9074,118
1.3908,322
1.1461,167
1.8208,11
1.9558,18
2.4615,173
1.322,67
0.9825,13
0.9009,15
0.8974,42
3.7632,3
0.8655,4
3.4359,12
1.6027,418
2.2283,2
2.747,11
1.6283,17
1.7521,4
0.9624,27
1.4071,16
1.5968,654
1.6121,5
1.798,86
1.7265,14
2.0723,43
1.6159,11
1.104,6
1.2184,260
1.1078,35
1.1183,93
2.5476,14
2.2836,21
1.3134,103
0.626,2
1.4308,244
1.9315,1470
1.534,281
2.0253,1031
1.7103,19
1.0259,9
0.9483,78
0.6323,60
1.2022,112
1.8047,9
1.9462,212
1.4262,64
2.6186,157
3.3784,3
1.8991,4
0.8704,22
2.6034,14
1.4146,278
1.6916,16
1.1203,2
0.7448,1
1.7228,18
1.8372,378
1.6122,123
1.6519,2
1.7266,19
1.3291,110
2.0092,3
1.2185,5
1.5286,290
2.2857,3401
1.4235,271
0.6275,4903
2.2679,733
1.4725,145
2.4623,5
4.5294,2
0.8707,142
0.9922,45
1.4414,46
2.3766,24
1.9154,15
0.6939,794
1.5179,20
25,3
2.1412,49
1.1204,5
1.2348,12
0.8776,14
1.7229,873
4.2051,6
0.587,4
1.371,116
1.1684,91
1.7864,46
2.1029,857
0.2174,226
1.7917,619
1.2688,203
2.78,1
1.0423,396
2.33,4
2.1143,104
2.1628,147
0.3143,32
1.313,13
2.1014,205
0.7642,2
1.2473,129
1.0165,8
0.9806,25
0.6646,55
3.6,126
1.3776,39
1.1205,77
1.3455,41
3.5676,2
1.723,2
1.7193,190
1.5132,409
2.2154,559
1.5243,17
1.8374,19
1.2149,9
5,24
0.7455,14
2.8421,18
0.8841,38
1.0424,8
0.9908,2
1.9318,291
2.2414,159
2.2899,422
4.2353,6
1.8955,2638
1.6571,819
1.6449,34
2.1121,8
1.1368,115
2.0978,30
1.4701,10
5.3158,1
0.9655,35
0.962,14
1.2955,221
2.0541,13792
1.5373,353
1.4149,154
1.8375,167
2.0102,5
2.181,17
1.3294,137
1.5385,1700
1.6612,6
3.5714,7
1.2836,64
1.7556,668
2.6341,31
1.5952,274
1.2475,11
1.5538,5696
4.075,2
2.431,28
2.2295,344
4.32,1
2.8378,11
0.9556,73
1.6288,4
0.8393,2
2.1649,6
1.85,1084
2.8372,4
1.5669,24
1.3419,7
0.8879,31
0.8219,22
1.4528,1121
1.4563,21
2.5842,6
1.3457,125
1.6613,509
0.8345,2
1.5507,257
1.1532,43
1.5165,219
13.25,6
1.1391,2
1.2583,19
1.932,2
0.9909,1
2.0581,36
1.2871,11
0.9634,19
1.4688,329
3.4118,7
1.3582,116
2.2941,627
2.7586,2
0.6853,55
1.7395,3
1.6374,124
0.9048,86
2.6538,12
1.4227,45
4.1087,2
0.6818,188
1.4851,19
3.9487,2
1.9877,91
3.4444,8
0.8556,1496
0.85,76
1.6614,40
1.9619,9
1.2883,15
1.5631,38
1.2639,115
1.493,297
1.1031,46
1.9397,5
2.1852,249
1.7558,287
0.8475,9
1.3583,32
0.7922,3
2.1375,40
1.338,83
2.8382,3
0.9608,39
2.0462,949
1.4459,279
0.7952,5
2.3958,46
1.9608,246
1.0752,8
3.027,5
1.6777,6
2.5227,8
1.3421,485
1.4565,234
1.0169,13
1.9537,69
1.2674,109
1.1354,51
4.3913,15
4.8462,2
1.8021,151
1.0254,3
2.7115,12
2.0758,2934
1.264,28
1.8429,1263
1.4615,918
3.4688,9
1.188,11
0.952,33
2.0242,5
1.2478,7
1.4874,6
1.0753,87
1.9647,369
2.1733,24
0.7176,27
1.9735,13
2.2586,356
1.3909,16
2.7273,23
1.2803,28
0.9217,2
0.9663,28
0.8391,13
2.0909,1075
1.9802,518
1.0421,98
1.0727,19
2.6212,2
2.7429,5
1.0878,3
0.26,1
2.4394,4
2.1754,559
0.4945,4
0.9828,12
1.6941,290
1.7674,609
2.5862,23
1.7885,57
3.0274,2
1.9792,58316
0.5775,1466
0.949,124
1.9355,1066
2.2029,2661
1.2804,17
1.1698,40
0.6742,813
1.6617,2
2.6824,3
2.4143,9
1.6742,150
1.957,135
1.2625,239
1.8175,5
1.4432,414
0.8069,3
1.9773,297
1.3652,35
1.4068,106
1.8667,1555
1.6942,17
1.4692,3
1.2967,132
2.129,548
0.7614,5
2.0886,126
3.7931,1
0.9358,9
0.8639,2
0.9167,139
0.932,31
1.7347,72
1.1646,23
1.7886,17
2.3919,4
0.8714,25
1.1042,64
2.6207,31
1.883,83
1.4855,10
3.125,15
1.2462,73
1.43,109
1.7579,285
1.4586,6
1.9268,2583
1.2323,18
1.2276,10
1.5281,192
2.8095,6
2.2976,8
1.088,2
1.8049,1040
1.784,45
1.4074,246
2.0686,38
1.0099,58
0.7234,429
1.8831,246
1.6124,3
1.5081,18
0.9848,85
0.7938,46
0.9747,51
2.2424,46
1.5962,89
1.2716,113
1.4521,227
1.2025,30
0.9274,18
1.9775,303
1.58,102
1.6944,877
2.3205,23
1.1825,20
1.2969,93
0.9746,3
1.1863,23
0.864,3
0.5647,4
2.0847,2464
2.1957,281
0.9041,54
1.6125,212
1.215,22
2.7111,56
2.2131,18492
0.6989,4
1.2807,51
4.8214,3
3.4103,2
0.9072,13
1.5049,26
0.5686,14
0.8981,3
2.2419,69
0.7206,19
3.2353,8
2.1642,108
2.5811,12
2.4762,59
2.2361,40
1.1988,3
1.6164,498
1.6719,566
0.885,3
1.6907,42
1.5182,10
2.209,80
0.7287,2
1.8629,3
1.297,31
2.32,83
2.4923,54
2.2118,68
0.6067,12
1.8407,25
0.8264,17
1.7232,7
0.8231,2
1.6126,6
1.0159,145
0.825,14
1.3295,213
1.1045,65
2.1094,127957
0.7671,4
0.7636,13
1.1887,35
1.3095,136
1.4239,368
2.2982,159
2.7391,36
3.7568,1
3.4737,6
1.2737,91
1.4077,6
3.5278,3
1.8987,147
1.5167,114
2.1744,68
1.2314,25
1.9766,37
1.4065,13
2.0889,280
1.9244,3
1.3258,150
2.7424,2
7.4167,4
0.9423,13
1.3594,128
1.3797,136
1.7909,3
0.6263,2
0.8145,16
0.608,3
1.0236,13
2.8103,7
1.7396,170
1.6752,8
2.6481,5
1.629,3223
3.2203,11
1.0547,25
1.8053,3
1.931,704
1.73,47
2.2785,55
2.26,93
1.1209,140
3.0889,4
2.0246,4
2.5846,5
2.2368,82
1.2315,61
2.1395,105
1.4365,27
0.8214,376
2.2262,57
1.4818,60
1.9899,2
1.5347,11
1.3097,9
0.963,37
0.6119,1063
1.9263,143
1.1806,66
2.3043,122
1.5397,218
2.1748,23
1.7397,1895
2.9298,14
0.9669,4
1.6508,634
1.6438,672
2.1556,47
1.121,41
1.0104,53
1.7965,27
2.3824,12
1.4404,10
2.011,113
1.7185,23
27.25,2
2.3291,11
0.5333,4
1.4366,1021
0.9863,129
1.551,1625
3.9167,6
2.8507,2
1.0429,66
2.2105,3958
2.0481,4
1.211,14
1.2479,8
5.5882,5
2.3962,113
1.4242,208
0.5968,12
1.9341,161
1.2456,38
2.175,103
0.7872,14
1.7398,13
1.6292,246
1.5625,1392
1.7236,10
1.9886,105
2.5952,22
2.5231,6
1.4719,251
1.0814,65
1.9457,100
0.9786,1
1.1328,44
3.2857,3
0.6604,50
3.0645,10
1.3261,194
1.1948,29
1.4405,202
2.2687,818
1.9286,6298
0.9911,2
0.8977,61
1.8319,6
1.9324,2884
0.6489,2
0.9111,107
2.2,1946
1.1374,10
1.0268,16
1.1406,189
2.6176,6
0.7692,1405
1.1529,48
1.248,5
1.8505,7
1.3152,123
0.93,95
1.6293,4
1.5935,19
1.9449,19
1.2734,18
1.0536,30
1.4368,512
2.4098,13
2.4583,49
2.0114,121
1.5474,101
1.6618,651
1.1013,31
2.1383,10
2.1163,189
0.9451,17
0.8791,81
1.0431,3
2.1636,192
1.3587,313
1.549,302
1.2481,31
1.1375,41
1.9216,124
2.1373,467
1.2477,14
1.2319,45
2.1944,3647
1.9612,37
1.7385,706
1.4531,274
0.7363,6
1.0556,240
1.17,9
0.795,65
1.945,8
0.6966,4
1.8657,1201
2.9744,2
2.0854,148
1.2644,181
1.7763,706
1.1538,674
1.144,9
1.0328,86
1.7563,6
0.9277,27
1.375,1298
1.3962,29
4.2258,2
0.8675,129
0.9265,86
3.4054,3
3.1842,13
2.9756,11
1.4694,117
2.5657,16
1.3588,2
3.7059,5
1.78,91
1.4605,369
0.7534,3
2.377,9
1.3426,36
1.5476,177
1.7041,136
1.4144,42
1.662,602
1.7358,99
1.5514,9
3.2182,5
2.039,499
2.65,40
0.9355,955
2.8718,1
4.1379,2
1.2645,16
1.6385,5
0.9149,58
0.5056,3
0.6894,22
3.0606,6
2.2656,36
2.0633,82
3.4706,1
1.072,9
2.5278,67
1.0901,10
1.5639,3
1.3053,108
1.4533,341
1.6637,10
1.2989,121
1.6583,23
0.8652,1348
1.885,4
3.1875,6
2.0411,127
2.0896,532
1.7565,4
1.3276,600
2.1389,273
0.9921,63
1.82,215
1.4696,7
0.9623,15
0.9588,267
2.0446,27
1.9615,494
0.8641,2
0.7516,1
1.2809,183
1.6479,551
1.181,48
1.0778,103
2.0845,119
0.9113,6
1.1571,80
1.5876,29
1.2906,2
2.7568,9
1.5965,94
2.1235,32
1.4057,49
1.7813,4093
2.4667,67
1.9778,117
2.2099,50
1.8672,12
1.4202,3
1.0722,33
0.6933,3
1.6909,584
4.4194,1
0.7597,15
4.0426,5
2.2407,208
2.266,2
1.2458,3
0.951,15
3.8649,4
1.2018,22
2.8043,3
0.6797,3
1.8835,11
1.9394,10735
1.4324,271
1.486,41
2.9048,24
2.1313,41
0.6573,5
1.9098,555
1.0738,23
2.6078,44
2.0313,431
2.6512,7
1.0885,5
0.7764,12
1.2935,110
1.4079,158
1.1829,87
1.1951,66
1.0723,14
1.0726,34
1.1231,60
0.8963,4
4.1111,1
1.2773,20
3.5897,2
0.6821,22
0.6786,123751
2.2043,2
0.9667,68
2.8974,6
2.6143,10
1.3917,68
1.2979,69
1.2842,80
1.0897,30
1.376,6
1.4861,291
1.726,1613
1.2105,174
1.145,3
1.6911,24
2.1513,32
1.4318,11843
2.1099,872
1.4607,178
0.475,148
1.7089,797
0.9179,1
1.2936,18
1.2338,34
2.2045,71
0.8545,6
0.9135,24
1.3918,24
1.0541,497
1.8837,208
1.3014,156
2.0407,10
1.4862,4
1.681,4
1.2155,17
2.2439,68
1.3165,97
2.0083,21
1.382,173
2.0159,6643
1.8018,33
1.4369,23
2.7717,4
1.6517,152
2.475,69
1.2937,12
2.098,661
1.1831,85
1.0106,98
1.9,16230
0.8643,1
1.5773,50
2.4259,92
1.1212,102
3.119,2
1.377,181
1.7237,568
2.2115,138
0.6519,109
0.8984,10
1.0353,28
0.6855,1
1.7522,18
0.8416,6
3.0571,5
1.5969,5
1.8488,238
2.2714,151
1.4773,228
3.5366,1
1.4206,34
1.4656,6
1.9125,159
0.7205,7
1.0097,19
2.3016,40
1.35,7735
1.6833,1899
1.8963,132
1.7238,20
0.8315,10
0.8532,57
1.8456,20
1.2157,7
0.934,5
0.7869,6
0.8243,13
0.6333,4380
0.9359,26
2.0526,918
1.5313,840
0.7321,61
1.3101,4
1.5433,15
1.5351,13
1.7561,1997
2.4912,39
2.2375,37
0.9273,48
1.5072,500
1.4045,610
1.5189,21
0.7985,7
1.0108,1135
0.975,42
1.8936,87
0.9342,39
2.0737,2
1.5851,125
1.232,34
1.7239,11
1.6133,429
0.9307,15
2.4878,39
1.9634,127
1.4054,855
0.7372,6
2.2625,37
1.0395,43
1.6634,47
2.4308,59
1.2192,87
1.9127,26
3.3571,1
2.8689,3
2.6389,29
1.6632,147
1.4046,4
1.0071,1
1.1215,8
3.7105,2
0.7941,22
1.1972,67
1.9452,5114
1.3585,73
3.0577,257
2.4839,18
2.7746,20
1.3265,56
2.4915,11
0.6031,3
1.8902,108
1.4457,323
1.5315,11
0.9279,13
1.5203,2
1.3103,216
1.5614,100
0.5938,28
1.5983,2
0.9832,1
2.1463,47
2.3704,291
2.7813,23
2.0704,190
7.5714,2
1.431,46
0.8649,3986
3.1522,3
3.381,2
1.9453,7
1.8347,32
2.1064,242
6.7333,1
0.904,5
0.974,65
1.216,13
0.9313,1
2.2903,194
2.5645,2
0.7373,2
0.7755,17
1.7975,12741
1.5405,986
2.74,22
3.7586,1
1.6422,6
1.8523,183
1.8608,105
0.8765,30
1.1341,23
0.8727,47
0.9504,8
1.4535,472
2.3725,46
2.3585,138
1.3429,166
2.5208,28
1.8348,16
1.2111,162
3.0286,1
2.5167,10
1.3267,37
1.056,31
1.6602,37
1.6321,7
1.6585,176
0.8015,4
1.6163,173
0.8889,1087
0.9479,171
0.2192,2
2.775,164
2.5472,245
2.6735,6
1.6423,33
0.8843,16
1.3592,209
1.5692,11676
2.1393,6
1.3298,147
1.0103,32
3.8148,1
1.6866,479
1.7405,4
2.225,61
2.84,1
1.6299,7
2.045,2
3.8857,1
1.8315,208
1.4536,50
1.3895,164
1.0561,6
2.6792,22
1.9455,235
1.6949,395
1.8349,107
0.8561,21
0.9123,5
0.8113,2
0.7453,177
1.3973,751
0.7927,2
2.6923,31
3.1852,3
0.8764,18
1.8551,3556
1.8512,13
0.9505,9
1.4051,170
0.8952,93
1.3662,146
2.0364,476
0.6102,1690
3.5333,2
2.0642,21
2.8627,2
0.7404,8
2.025,174
1.6587,109
1.1405,35
1.7731,40
1.5481,21
0.3377,2
1.265,4
1.2366,107
1.04,364
1.404,46
0.8882,5
1.5378,24
1.0283,11
1.4125,190
2.7551,34
1.5806,891
3.5455,8
1.7069,462
1.7624,53
1.47,14
1.0725,96
1.675,477
1.5644,71
1.4538,29
2.1609,92
2.766,7
2.3788,31
2.3023,86
0.3168,16
0.9115,1
1.9079,221
2.1067,7090
1.1507,101
1.2651,96
1.519,426
4.2692,1
0.896,8
2.8776,31
1.9588,64263
0.9034,2
2.3611,9
1.2613,9
1.0354,7
2.4265,5
0.9651,12
1.7532,1111
1.1832,20
0.9037,15
2.6136,25
0.7124,1
0.9006,2
1.962,93
0.9675,1
1.6629,248
1.0566,10
1.9892,149
1.6697,18
1.7667,933
1.7857,2077
0.7826,5213
2.1892,41
1.7551,157
3.0294,2
1.8033,806
0.6022,2
2.0684,8
2.1169,43
1.8839,32
1.6589,2
3.1563,141
1.2614,120
1.9783,424
0.6575,29
2.3273,402
1.3736,281
1.3596,206
0.766,299
0.95,92
0.969,203
2.3289,8
1.609,27
1.3883,25
1.1395,62
1.5868,26
1.3814,67
2.2346,50
2.1613,1296
0.9116,1
1.2615,60
2.3939,144
1.3759,4
2.383,62
3.087,5
3.3158,8
2.8039,16
1.2642,33
0.9609,27
1.4865,517
2.1296,413
1.2609,167
1.864,10
1.6915,116
0.6719,8
1.8678,2
8.1765,1
0.8134,1
2.0089,9
2.046,96
0.6538,161
2.0202,120
1.4237,163
1.9015,11
3.4722,21
1.736,2
1.0538,163
1.8593,2
0.7865,3
0.9752,3
1.2778,370
1.9681,53
1.8803,6
0.1801,189
1.899,42
2.1351,4356
1.0891,19
1.9785,102
1.581,95
0.8529,30
3.7879,14
1.5426,101
1.4771,13
2.3014,26
2.3111,131
1.2941,270
0.9823,4
1.1835,4
1.011,233
1.0729,48
2.2597,8
2.0288,254
1.6754,52
2.931,2
2.4267,2
2.0822,9491
2.82,6
1.1486,70
1.8916,84
0.967,73
2.8367,7
2.0417,380
2.6774,20
1.991,16
3.8824,1
0.6732,9
1.2095,17
1.4867,47
2.3247,26
2.3,208
1.6917,5
0.8684,31
0.5616,17
0.7292,6
0.6167,2
2.0093,2
3.2143,6
0.6889,99
1.5154,3
1.0923,100
0.7207,251
0.9672,30
1.1809,80
3.12,3
0.8317,3
1.6136,468
1.6077,14
1.9911,2
1.9239,106
1.1626,31
1.2281,18
2.325,50
2.5538,8
2.1038,12
2.1515,804
1.0893,59
2.4519,8
0.8155,2
1.4211,374
1.2405,43
3.5143,10
2.4595,6
2.5833,76
2.1635,3
1.3284,63
1.913,485
1.3579,152
2.4833,9
1.0074,1
1.8968,9
0.5806,22937
0.8271,6
1.0882,121
2.1074,27
1.8108,715
2.1364,770
1.9912,72
2.3478,809
1.8351,81
1.6533,412
1.6696,34
2.3947,29
1.2687,64
0.9271,30
2.4054,28
2.1414,14
0.7765,4
1.3106,11
2.9259,142
1.2,1339
1.405,13
0.6721,1493
0.7473,41
2.169,365
0.806,11
1.6262,19
1.5156,245
1.63,40
2.1915,75
1.1181,29
1.1371,24
1.0075,7
1.5542,98
1.835,83
1.61,21
1.7244,25
1.6822,31
0.8137,11
1.3269,35
1.1019,7
0.9896,202
5.5385,4
2.4571,14
2.2252,3
1.4375,773
1.301,17
2.22,133
2.0185,539
2.6275,22
0.7551,6
1.3107,33
2.6129,12
1.2459,100
1.6263,73
1.7407,378
1.8829,17
4.12,5
0.6129,215
1.1182,21
0.5859,6
1.0076,34
2.4531,30
1.7245,77
2.358,40
1.6311,89
1.1058,7
1.0278,206
1.0208,54
1.2301,6
2.2787,60
1.2164,14
1.8189,3
3.0263,8
1.1389,96
1.2297,134
1.7083,872
2.6596,8
1.3108,157
2.3906,19
2.1075,10
0.7847,1
1.6264,189
1.5217,620
7.8462,1
1.5158,369
0.6603,53
1.3433,68
1.8352,239
3.3125,4
1.3271,36
1.4746,89
1.026,64
1.092,44
1.7476,27
1.4906,424
2.1607,274
2.4727,111
2.4478,7
2.2639,46
1.2289,162
1.5321,23
1.7949,1229
2.0992,38
2.7727,38
0.6494,4
2.2535,72
1.1494,76
1.2764,29
2.0508,835
1.8583,3
1.3434,107
1.1184,24
1.2328,5
1.1348,110
0.8987,17
0.9577,47
0.6885,4
3.0816,8
2.0619,102
1.123,28
1.9459,7666
1.5484,421
2.4853,16
3.2895,20
1.1509,25
1.8304,7
0.6418,7
1.2174,302
1.9604,42
1.6091,16
2.0972,410
0.9875,209
2.2022,4
1.8862,2
1.5214,3
1.3559,57
2.4138,30
1.2436,89
0.837,407
0.3333,74
0.8957,2
7.5,3
1.7372,10
1.5647,301
3.4878,5
2.0755,161
3.0222,5
0.9426,2
0.8211,9
1.8354,225
3.5938,6
1.6623,438
1.8361,841
0.9704,10
1.8641,178
1.8052,536
1.6429,1009
0.708,25
1.5323,200
1.4902,18
0.5923,2
0.6495,3
1.7373,11
1.3398,24
2.2909,2222
2.1519,57
1.1346,34
1.9538,4768
1.5648,7
1.873,897
2.58,17
2.2969,18
0.931,79
0.9275,43
0.7931,195
3.2807,5
1.438,15
1.0405,323
0.9333,172
1.1308,24
1.3723,91
1.907,179
1.65,893
3.85,35
1.8642,197
1.5368,61
1.6228,2
1.1625,50
1.0367,2
1.6803,3
1.8316,74
1.2169,84
1.5051,52
1.8261,7024
2.3415,58
1.2838,92
2.3784,9
1.57,52
0.8814,3
1.0568,327
1.5487,2
1.2165,31
0.6577,230
0.6034,18
2.4717,40
1.7699,20
1.6593,135
2.019,28
0.713,3
1.8643,11
2.2558,38
1.5812,19
1.5985,3
1.1268,54
1.5573,10
1.9587,55
1.3038,146
1.9625,158
2.1596,17
1.1462,16
0.6727,17
0.9151,3
2.2326,705
2.6279,5
1.77,37
1.5082,171
1.3725,121
1.3617,230
0.7353,88
1.2619,93
4.6452,2
1.1513,7
0.9633,3
0.8973,1
0.9815,17
1.7538,968
0.9018,25
0.8313,22
1.0403,12
2.5185,63
1.6139,14
1.0894,16
1.8644,747
1.4835,138
1.5341,286
1.4646,40
2.0392,139
1.7863,7
1.2714,45
1.2782,2
1.908,2443
1.5213,100
2.4222,19
2.5957,20
0.6806,92
2.678,12
1.9589,3067
1.9118,1252
1.8807,46
1.7701,148
2.3625,28
1.9821,280
0.705,184
1.6418,469
3.0556,2
1.6289,42
1.9344,915
2.4868,20
1.5652,379
3.6944,4
3.2444,2
1.5052,63
1.6475,3
1.4274,30
1.9623,173
2.0353,544
0.8482,5
0.8706,13
2.3875,2
1.3727,18
0.5093,2
1.1852,192
4.0286,2
2.1887,154
1.5977,128
0.9296,45
2.1591,2134
0.625,66
1.9752,16
1.4052,7
2.0405,363
1.2946,21
1.0696,15
1.704,6
1.0756,21
1.0734,4
1.8487,24
1.9667,915
2.4889,31
0.9877,25
2.4872,8
1.0077,31
0.747,12
5.6,6
2.0374,19
1.5469,887
2.2055,24
0.918,45
0.8816,51
1.3109,6
1.0859,14
2.0722,7
1.4103,392
0.8759,2
1.5778,952
1.5816,75
0.977,23
1.506,383
0.7604,2
2.2211,30
1.8028,8043
0.8629,16
1.0078,9
1.6103,3
0.9735,20
1.6557,1496
2.1975,7
4.1923,2
2.6786,12
1.9916,5
2.4242,18
0.7,97
2.878,20
2.2895,38
1.9542,131
2.1048,27
3.4872,4
0.9029,77
1.8191,70
1.5055,694
1.5941,27
2.7436,9
1.1966,17
1.9135,5
0.7829,4
2.4824,22
0.5789,9
0.9619,10
1.7258,602
1.6795,494
2.029,694
3.6579,10
0.617,2
1.0758,65
1.7867,663
0.7195,6
0.7767,2
1.1185,3
1.0079,42
2.1806,190
3.1212,1
0.9524,75
2.9,12
1.5287,245
1.2167,82
1.9917,25
1.5942,379
1.4217,178
0.8239,3
0.3354,5
2.0431,27
0.9468,48
0.9817,1
2.1216,452
1.6929,9
2.0727,411
1.6615,341
1.2949,114
1.6267,447
3.2157,9
1.2292,79
1.0706,56
1.1009,7
1.6105,173
3.375,11
1.1068,6
1.1024,17
2.8148,36
2.0577,246
2.7312,19
1.3571,477
1.213,24
1.3274,12
0.8896,2
1.8193,188
2.5152,16
2.0179,398
2.2321,513
0.8692,146
1.6961,59
1.8031,3
0.5828,5
2.8644,10
2.4533,5
1.7349,5879
1.1029,83
2.6585,4
2.0303,2097
1.2784,47
3.2571,1
1.7212,9
0.8992,4
1.8356,919
1.6106,5
1.4381,28
1.2131,50
2.9348,27
3.7333,17
0.4783,4
2.3559,36
1.4219,134
1.3113,9
1.9138,397
0.5906,21
6.4091,2
0.7326,8
1.4215,3
2.7674,4
1.3247,6421
2.3065,78
1.8516,13
1.2294,5
1.1188,6
3.3667,1
0.782,5
1.0082,146
1.5797,296
1.0102,19
1.9896,6730
2.2973,24
0.8522,72
1.5488,201
1.4382,711
2.4369,6
2.2979,790
1.0407,40
1.13,51
1.3377,148
1.3099,86
0.7912,7
1.871,827
2.314,2
1.1351,79
1.792,6
1.627,3
0.8384,10
1.6265,169
1.5164,17
0.8425,13
0.964,21
1.3253,82
2.0635,336
1.4507,308
1.4427,13
1.4545,1554
1.832,4
1.9245,390
1.48,403
1.3956,1388
1.2258,291
2.6471,82
2.6897,65
1.5327,6
3.6286,2
2.814,6
2.05,1529
3.5111,2
1.6549,2
1.2159,159
1.0761,177
2.283,172
1.4508,16
0.6364,88
1.2296,23
3.8182,3
1.9636,625
1.4384,440
1.4568,224
1.0123,26
1.0182,12
2.7077,2
0.6061,7
1.7478,6
1.2621,13
1.8646,85
1.754,6
1.9691,1550
1.6434,9
2.1286,219
2.0521,13
1.5328,6
1.1353,3
0.9773,75
0.86,21
1.3565,7
2.2073,197
2.3922,73
1.959,7
3.186,13
1.0427,1
2.8298,9
1.0549,86
4.7,4
1.4385,12
1.7391,1097
1.2321,51
1.041,23
2.1731,182
1.6435,18
2.3553,8
1.8647,3
1.4937,229
1.9677,1455
0.6081,4
1.4672,5
2.0682,123
2.3667,56
2.1017,1012
1.7379,33
2.0735,684
0.697,18
1.5616,614
0.9222,27
0.7312,92
1.9815,216
2.1667,2399
1.1679,10
0.77,251
1.9027,7
2.6462,6
1.5492,6
1.7714,1428
1.8269,1436
1.9754,5
0.9573,10
1.3719,20
0.902,4
1.4268,174
1.7542,18
1.6436,33
4.0323,3
2.0563,193
1.4673,19
1.2547,20
1.9592,1601
1.2471,89
3.0238,4
2.0805,1018
2.1579,1071
1.0238,25
4.2581,1
1.6313,7
0.6571,11
0.9036,9
1.6162,158
1.5455,1824
2.45,16
1.6375,294
1.5493,412
1.1518,4
2.236,16
1.9843,8
1.4836,25
1.8592,1026
1.578,18
1.1805,3
0.7586,5
2.614,7
0.7033,3
1.9593,6
2.8293,8
3.7895,24
1.9451,77
1.5618,206
2.1974,84
2.5584,25
1.6762,7
1.4512,432
3.1707,1
29.25,1
0.7434,3
0.9419,14
0.7524,2
2.6714,3
0.9147,3
1.3893,3
3.4074,2
1.9918,2
1.6224,37
0.9545,196
1.8812,6155
1.086,159
1.7706,5
0.8833,13
2.1935,488
3.3721,1
1.4675,266
1.101,12
1.1789,99
1.6415,77
2.012,182
1.0862,24
1.6887,6
1.5781,6150
0.7025,2
1.07,8
0.8769,15
1.1644,115
1.2788,14
1.7368,914
1.1884,59
1.4752,26
0.6234,79
1.8058,40
1.9919,7
1.7025,6
0.8712,12
2.2024,66
1.8613,79
2.0141,1880
0.9184,7
1.6726,15
1.787,3
2.7042,7
1.4706,953
1.3561,3
1.1683,9
1.4436,11
1.7015,650
1.8976,22
1.0215,164
0.7368,66
1.7234,99
1.992,7
1.3423,31
1.7708,131
1.0864,34
0.9833,38
1.5513,484
1.5811,564
1.6143,739
1.1687,49
2.5156,8
2.1261,12
1.5169,156
1.0847,108
2.2037,181
2.6452,4
2.3231,28
1.9576,19
1.2952,14
1.7833,526
1.8977,248
1.6765,721
2.4694,32
3.4375,13
0.775,7
2.0167,669
1.9921,55
5.1154,8
0.8222,20
0.9717,14
0.9057,14
1.2133,101
2.11,61
0.9691,115
1.5946,833
2.1573,522
1.3678,194
1.5579,78
1.6134,23
1.1781,136
1.4891,236
1.8034,34
0.8713,7
4.5714,2
1.4552,3
1.5194,4
1.2897,5
1.3772,7
2.3448,381
1.3431,196
2.0331,2
0.7816,4
1.119,61
0.9028,33
1.0084,1
1.4845,77
2.0787,128
1.1028,8
0.8941,9
0.7031,42
1.5059,207
0.9552,120
4.44,6
2.5484,4
1.4841,3
1.0866,7
1.7931,436
1.4928,216
1.5902,422
1.2707,14
1.4222,638
0.6173,2
0.9906,11
2.1083,8
1.9141,5
1.6891,5
0.9769,19
4.6071,2
1.9419,310
1.406,3
1.7183,935
1.0085,15
2.1594,72
2.0204,209
2.6429,20
1.8317,49
0.8558,12
2.8936,8
1.3241,20
1.5747,144
1.2135,104
4.0333,1
2.1062,16
0.629,22
0.938,18
1.9304,6
1.7054,49
1.411,189
1.5948,14
1.9191,8
1.0248,11
1.3896,207
1.8411,3
1.7075,58
1.56,668
1.678,425
0.7111,9464
4.64,1
1.6273,9
2.0948,3
2.4219,23
1.7217,8
2.46,58
3.3438,6
1.9028,843
1.2136,28
1.21,22
1.8161,296
1.4348,634
0.7361,14
1.6234,443
5.1905,6
5.85,2
1.1057,16
0.9889,34
2.7808,5
3.18,2
1.8481,287
2.2456,1543
2.5741,7
2.1724,4592
1.3613,8
0.9431,9
1.4048,317
1.3978,276
1.1193,13
1.7231,584
1.0087,14
2.2907,7
0.7752,6
2.8108,5
2.5814,4
1.5447,15
2.1011,91
2.2121,165
0.4444,16
2.8049,16
3.2821,4
2.3623,6
3.1228,4
1.3243,191
2.9688,18
1.2137,19
2.7609,13
1.6437,143
2.1964,687
0.7424,9
0.6613,1624
0.9886,39
1.025,128
0.9821,7
0.7591,1
1.9903,3
2.2344,176
1.716,367
1.8676,5186
1.6275,97
1.5938,2952
3.8485,14
0.68,866
1.1641,23
2.8167,3
2.7907,9
3.2128,11
2.4857,9
1.5769,871
1.051,28
1.0413,8
1.4184,65
0.8468,18
1.4188,6
0.8372,32
0.7712,5
1.1373,18
1.0213,67
0.894,1
0.9416,0
0.8387,13
1.8022,189
2.3235,263
1.7463,581
1.5319,145
1.9624,79
1.4513,8
2.2292,168
2.8649,2
2.008,4
1.6563,546
1.4351,11
2.18,282
1.8791,110
2.1053,809
2.1538,704
1.3086,167
1.7545,16
1.6439,7
1.4158,22
3.619,3
1.0252,3
1.0119,50
3.4634,2
0.8846,143
0.7561,24
1.6371,20
2.9375,24
2.6308,3
3.0323,5
1.562,10
0.8654,16
1.2302,11
1.8767,970
1.9322,1204
2.0449,155
1.1447,28
0.9587,11
1.4352,19
2.2031,314
2.0082,2
0.828,18841
2.2184,12
1.2627,12
0.7445,214
2.0101,11
1.4677,101
2.6765,5
1.1321,28
1.5063,243
1.9596,2
0.883,8
4.3043,5
0.866,8
1.3409,188
1.7762,18
1.0702,124
2.5588,18
1.6727,72
1.5441,571
3.75,19
1.7215,321
1.902,141
2.172,3
0.7619,918
1.1484,27
2.7091,5
1.1444,150
1.6441,264
2.033,171
0.7071,2
4.4615,2
1.2466,90
0.9794,47
4.0714,3
1.01,18
0.8878,3
4.5357,2
1.0703,6
2.2182,288
2.1809,13
1.8491,226
1.0569,12
0.9759,28
1.5663,128
1.4516,314
2.8036,12
0.8322,2
1.9435,4
1.6601,33
1.5275,106
1.9076,7
1.2468,70
3.4348,3
1.7672,2
0.9024,25
1.6566,25
1.6813,138
1.771,2
1.4804,34
1.0854,37
0.9576,1
1.9103,140
1.8654,119
2.0351,324
0.9643,40
0.8983,8
2.7667,6
1.9882,211
2.3243,16
1.6232,396
1.6729,8
1.0986,164
3.025,10
2.7419,10
1.0098,8
1.1026,98
1.8258,9
1.4842,162
1.3085,125
2.322,1048
1.7791,126
2.4262,18
2.1622,467
1.8655,16
2.5781,14
1.6892,856
1.8163,85
1.2917,393
4.4074,6
1.5738,221
0.4286,3
0.8242,26
0.6957,75386
2.2963,253
0.8614,3
1.6489,191
3.5,17
1.6324,638
0.7705,5
0.741,1
1.4434,16
1.1864,50
1.9924,19
1.5949,995
1.0964,41
0.9688,660
2.1158,4
2.9143,11
1.9762,965
2.4677,3
2.64,41
0.9101,180
1.3898,103
0.5352,26
0.9341,21
0.9306,50
1.1812,2
1.8943,2
2.2333,967
2.4681,17
1.8981,8
1.2756,11
1.3651,96
1.165,14
1.8507,2316
0.8516,8
1.8819,6
1.4844,178
7.4667,1
1.3738,7
2.2955,278
0.7579,9
2.6935,2
3.7429,4
2.8539,8
1.3404,8759
1.1975,82
0.9292,2
1.8,15961
1.0741,54
2.07,7
1.7838,1141
1.6732,7
0.978,15
0.9187,11
2.2564,27
0.8634,4
1.027,96
1.2069,128
1.6628,262
1.5603,29
2.6111,9
1.1032,11
1.383,127
1.6885,372
1.9029,6
0.6237,3
1.7848,391
1.087,463
1.9764,13
0.9648,1
1.5789,846
2.12,1984
2.1685,15
2.2261,4
1.5422,175
1.7207,137
2.9268,10
1.0426,78
1.292,5
2.4182,163
2.4225,8
2.4844,11
4.92,1
0.9664,11
0.6504,10
1.3864,357
1.8817,194
1.3629,35
2.8727,2
2.0375,52
1.9153,628
3.1395,14
1.642,249
3.0213,26
1.3083,36
2.5789,14
1.6036,9
0.8594,25
2.4483,28
1.5133,5
2.3721,265
3.1081,10
1.5159,9
4.1667,3
2.5926,5
1.7073,356
1.009,4
0.8046,5
1.0636,4
1.1196,493
0.9478,27
2.1707,125
2.1266,71
1.9271,95
1.989,386
1.8165,22
0.7344,2
0.8085,17
2.1034,884
2.2589,8
1.3084,13
1.6351,554
1.1978,104
2.7015,2
0.7282,2
5.2,3
0.8291,2
3.7222,4
1.624,19
2.1867,11
2.6727,9
2.6441,3
1.4028,1712
1.8596,317
2.3421,29
3.6279,3
0.8598,14
1.6116,30
2.321,17
0.9362,18
0.8077,13
1.1207,69
1.8111,182
0.8226,12
1.4159,15
1.1322,28
0.824,1
1.3619,18
1.2299,213
1.136,9
1.1979,87
1.0194,11
3.2105,8
1.9114,122
1.8434,131
1.066,31
2.1648,3
1.6241,17
2.0638,281
1.5818,64
2.2917,70
3.9429,4
1.3939,158
1.9492,663
1.6988,256
1.3248,3
4.1481,1
2.55,40
1.0379,13
0.9211,199
0.9176,7
1.9273,283
0.7345,3
0.7917,13
0.9136,14
1.7767,33
1.112,60
1.6404,162
2.0769,39116
1.2692,255
1.0122,14
1.7531,8009
2.1031,5
2.165,9
0.7283,56
1.7386,106
1.597,450
1.3411,15
1.1161,3
3.0882,1
2.0659,181
2.2394,228
1.608,3
0.8308,74
1.2143,313
2.3095,34
0.8202,2
3.0545,7
1.284,422
2.7714,8
1.4355,94
0.656,26
2.3733,18
1.038,28
1.9265,931
1.0494,34
1.9274,8
1.8168,11
1.803,1102
0.8904,19
0.7616,6
3.275,24
1.7945,723
2.0139,263
0.5849,4
0.7329,308
2.2771,42
0.8943,5
2.193,1313
1.9437,636
1.7422,8
1.5462,3
0.798,2
2.717,13
1.325,152
1.9275,1156
6.1364,2
1.6286,1080
1.53,32
0.8357,2
0.8471,4
0.7034,7
0.6374,3
1.6463,326
2.1228,371
0.839,3
1.9134,3
1.0286,134
1.96,264
1.1039,66
2.8438,6
3.3704,4
1.9518,94
2.1951,203
1.4173,37
0.8862,4
2.5135,21
2.3061,30
4.6607,12
0.9383,51
10.2857,5
1.5463,33
1.1488,28
1.0382,15
0.9437,38
2.7246,2
1.2119,7
0.9348,58
1.8036,494
1.4216,16
1.878,180
1.8495,98
1.6829,222
1.0449,229
1.2308,367
2.8222,52
1.1651,15
1.9483,527
1.6282,710
1.0202,20
1.8333,6887
1.5464,88
2.0549,173
2.2951,80
2.1207,1462
0.9857,82
1.5044,5
2.6406,11
1.0743,3
1.3936,171
1.7455,364
1.6408,29
0.7947,5
1.3984,48
1.0164,78
1.3577,6
0.906,7
3.5625,2
1.8496,10
0.5522,2
1.7925,2483
1.5333,708
3.3415,8
2.0118,56
2.3103,332
2.5139,5
0.7262,19
2.2927,72
0.7849,11
2.0096,5
2.7027,14
6.2941,1
1.8621,498
0.9706,139
0.8421,73
1.8659,81
1.354,10
1.4684,218
0.8551,8
3.0508,2
0.9194,53
1.2432,69
1.2987,96
2.0602,91
1.9603,2
2.7353,56
0.859,7
0.7059,24385
2.3889,84
2.0098,13
1.0301,14
0.9107,5
2.9565,3
1.2389,12
3.8333,1
1.1491,7
0.9254,29
1.4809,6
2.641,10
1.8851,161
1.0746,60
0.8305,151
1.9014,4361
4.0571,2
2.5467,6
1.058,33
1.4685,3
1.7698,9
1.2755,50
1.1124,121
1.3467,796
2.4848,23
1.7841,165
1.3866,13
1.9891,80
1.1654,85
1.3689,37
1.7679,222
3.1818,3
1.3704,169
1.4795,280
1.2598,7
1.0873,20
3.0652,1
4.087,13
0.8154,12
0.9369,15
1.3699,5794
3.8462,3
1.9248,86
1.416,6
2.6167,2
1.2923,74
2.0133,400
2.5469,5
1.1159,50
1.6931,115
1.1828,167
1.0508,82
0.8617,15
2.5179,33
1.6277,64
1.768,18
3.2941,10
2.1,13320
2.0806,2196
1.2162,94
0.8043,65
3.4364,2
2.0676,531
1.973,433
1.198,7
2.0597,746
1.0874,7
1.4649,9
3.3421,4
3.1695,3
0.9878,48
0.8593,3
1.024,45
0.6207,1229
0.8133,6
2.3878,68
1.4026,220
1.6456,229
1.7843,174
3.4194,2
2.0211,1588
0.6909,5173
2.4528,32
1.2762,18
1.1037,6
1.5918,242
1.4812,17
1.2283,117
0.7674,10
2.1452,1087
0.7121,13
1.0875,22
2.0781,2024
1.4496,2
0.5698,3
1.5794,64
4.1579,2
1.8701,2679
0.5942,23
1.69,49
1.2925,25
0.7612,17
1.2763,115
1.3855,276
1.6849,502
1.5529,171
1.4203,145
1.6081,552
0.9662,1
1.5541,591
1.1,642
1.9894,91
1.1038,41
2.0988,40
2.3973,4
1.3088,81
2.2892,227
1.0808,28
1.9113,5
1.2706,96
1.6901,1010
1.7845,4
1.5138,5
0.8951,16
0.8916,10
1.0886,37
2.3542,27
1.2841,132
2.0543,670
1.7188,932
1.7879,1150
3.9118,1
2.3837,3
1.9895,808
1.7797,493
1.7727,1010
0.8657,7
1.9714,990
1.7064,8
0.6731,43
2.044,178
0.6444,14
3.3056,2
2.3509,207
2.5106,16
0.3975,3
0.702,1
3.9444,3
1.4868,247
1.0217,657
1.5139,409
1.5113,16
2.2471,188
1.2927,69
1.6083,12
0.88,24
0.939,27
0.8901,84
1.5546,5
2.1453,2
2.1529,47
2.7627,5
1.7227,16
1.7671,698
1.312,29
1.8675,145
0.6875,3
2.5405,50
1.9277,145
1.7027,2915
1.9747,34
3.0227,7
1.4196,13
1.193,55
1.0221,1
1.5267,13
2.0435,1517
1.1984,12
2.339,64
2.4658,17
1.4034,13
1.1327,26
0.6723,137
1.2985,43
1.0125,21
0.9604,6
2.6377,4
2.5758,3
1.514,19
1.1801,9
2.2466,21
6.0455,2
1.719,9
2.1268,438
0.9899,19
1.2109,19
0.9402,1
2.2818,2
2.3222,5
1.1753,19
1.5191,11
2.2286,82
0.7143,1760
1.8172,152
1.0465,29
1.4167,1202
1.3443,147
1.3091,37
2.0426,1315
4.3214,1
1.9278,75
1.5303,4652
1.6759,17
4.7857,1
1.5256,548
1.0222,86
1.4946,104
2.0286,1404
1.4245,34
2.1569,148
2.9286,16
1.4035,49
1.5981,62
2.8667,4
1.1899,52
0.6623,22
3.1538,11
1.3766,209
1.7913,2
0.7429,3
1.0385,140
0.8454,4
1.641,1060
1.5304,3
1.6196,146
2.2807,135
1.0935,26
0.4714,72
0.9208,20
1.6444,887
1.0805,83
1.2273,154
1.3417,22
1.1456,16
1.1167,64
2.0122,166
2.5088,21
1.5467,427
1.3217,11
2.5143,7
1.1589,17
2.01,3
1.3273,29
2.0278,379
1.1047,71
1.1282,62
2.8919,7
1.3542,102
1.5269,133
0.7259,50
0.4923,32
0.6486,10
1.0224,13
3.625,2
1.08,114
2.9184,4
1.1066,11
0.9481,155
0.6048,12
3.3095,1
3.3714,3
0.9368,25
1.7154,10
2.2933,10
1.6574,12
2.1215,4
1.5495,173
1.3218,234
2.4821,17
1.6912,719
1.4342,252
0.9008,5
1.7712,3
0.9928,1
0.8455,11
0.6712,872
0.9027,33
0.7902,2
2.5273,9
2.1739,891
2.5349,15
1.2437,34
0.6164,2
4.6923,2
1.6699,26
1.8462,10420
1.9606,4
1.7356,253
1.396,36
0.7979,17
0.5313,9
0.808,1
0.6795,53
0.6203,31
2.5147,4
0.7415,1
1.0412,34
1.7681,879
1.2211,71
0.7794,119
1.8485,1583
1.3415,151
1.8625,98
1.9242,4503
1.1293,28
4.4444,2
1.7519,6
1.2787,80
1.6932,436
1.6413,242
1.424,28
2.3182,117
1.4789,564
2.051,96
1.3382,117
1.4526,217
0.6959,1
3.0192,2
3.0811,1
1.4488,8
1.5632,196
1.3068,183
3.6563,11
1.9407,17
1.5094,72
0.5429,47
0.8519,490
1.3707,2
2.3871,25
2.525,23
0.9562,1
1.752,20
0.8456,2
1.4433,146
1.4396,190
2.6418,3
2.1299,55
2.4179,18
1.8626,2
2.6094,10
2.4906,36
1.6739,260
1.9065,2
2.8085,20
1.5588,472
1.6577,63
0.6242,9
1.7629,85
2.1625,69
6.4737,1
0.7153,40
0.9618,38
1.7683,133
3.1463,3
0.7103,3
1.2602,20
1.1496,40
1.8627,8032
1.6132,26
1.9756,186
1.0311,2
0.7041,2
1.4176,116
1.449,83
2.1282,172
2.1522,70
1.0253,28
1.0677,3
2.9302,8
2.0412,48
1.776,55
1.7846,886
1.5596,5
1.3871,375
1.8857,891
1.0515,78
1.879,8
2.1205,79
1.7684,652
0.8538,2
0.6377,18
0.8842,30
0.9694,24
0.7609,9
1.1974,36
4.4667,1
2.1778,45
1.5634,410
1.4653,27
0.5811,10
2.036,8
1.8953,125
1.9552,624
1.1842,61
1.5635,7
1.6923,1660
2.2308,237
2.6633,8
2.5323,31
1.7685,437
2.6053,11
2.101,36
1.9897,12
1.0331,25
1.1977,152
1.1947,4
1.7755,116
4.3226,1
4.8571,7
2.8636,34
2.1346,71
0.9351,61
0.9316,51
1.1985,3
1.2604,74
1.576,5
1.6034,81
0.9173,14
1.2833,253
1.5402,218
1.6582,207
1.9176,111
2.4167,123
3.1053,10
1.2929,50
3.2927,3
0.8095,92
1.6737,101
2.675,15
2.2469,27
2.2329,8
1.9898,5
2.5111,7
1.3929,289
1.7686,5
3.9667,2
1.0745,71
3.5294,5
1.5923,2
0.92,202
0.854,8
1.0842,115
2.2364,410
1.6867,395
0.6714,5
1.1786,148
0.96,238
1.2903,342
0.7687,7
1.981,8
1.6705,197
1.378,147
0.9153,4
2.7,90
1.3874,7
0.6633,10
1.2768,21
2.2923,58
3.1176,16
3.1795,3
2.9583,7
2.3115,49
2.36,88
4.5185,8
1.703,28
1.9531,1963
1.1949,19
2.1829,35
1.7876,7
1.3366,46
4.303,11
1.3496,35
0.7803,1
0.7174,7
0.9014,141
2.6809,32
2.1512,75
1.5143,407
1.4037,20
1.2931,42
1.9173,41
1.6087,556
0.9727,8
0.8467,5
1.785,69
1.4095,30
2.8966,6
1.3875,107
1.0565,12
1.99,3
1.4819,199
1.1954,97
2.1746,2016
4.2727,1
0.8898,19
2.4861,2
1.7031,681
2.0196,187
1.3056,147
1.6893,33
1.42,92
2.5116,148
1.6869,126
0.7821,4
1.4038,26
2.0952,869
4.3953,8
0.774,2
1.2596,46
1.625,2493
1.036,46
1.3667,238
1.1169,40
3.6842,1
2.2532,20
1.2113,111
1.275,303
6.1765,1
0.681,3
2.7949,3
1.7049,529
2.5517,78
2.386,115
1.7976,367
1.9196,6
1.912,4
0.9256,4
2.6711,30
1.8014,4
1.2203,49
1.0226,4
0.8087,10
2.0135,173
1.9194,1248
2.0891,165
2.4175,22
1.117,70
1.7808,688
1.2386,123
1.7195,192
1.8958,95
1.2114,18
1.1008,21
2.0678,1310
2.4324,59
0.899,25
2.0325,8
0.8583,25
1.4639,59
2.0538,2657
1.5308,7
1.3058,24
1.7093,233
1.1333,365
0.735,24
1.9083,32
1.0227,64
3.6875,3
1.5146,26
0.7196,42
0.6122,24
1.1171,16
0.7959,5
0.6716,2
0.9186,43
1.6462,524
1.8267,1262
1.8425,2
1.3383,14
3.3077,3
1.2277,27
1.8302,163
1.7196,24
1.977,91
0.5536,31
1.2115,42
2.1324,124
2.1184,85
1.814,232
0.8778,210
2.0403,16
0.9338,17
1.3059,131
0.8075,2
0.9695,19
0.9441,2
1.1656,3
1.9084,7
1.9385,4916
1.1172,7
1.866,52
1.5465,177
1.7197,3
0.9364,2
1.2394,66
1.3222,172
1.0484,493
0.6879,1
1.043,84
1.4328,219
1.5472,119
2.197,118
2.058,1079
4.25,14
2.2617,7
1.9247,83
1.0391,16
3.4667,1
5.1071,4
1.2342,29
1.6812,354
1.2441,10
2.0366,416
1.1098,36
1.0229,2
1.8761,10
3.4048,8
2.8929,3
0.7669,3
0.7634,3
0.8662,1
2.4464,340
1.939,399
2.8605,9
2.6122,36
2.1042,865
2.3562,26
1.2279,2
1.7108,3414
1.1413,111
1.5435,165
1.3519,44
1.3223,16
1.0794,107
1.6269,333
2.2619,625
0.9843,39
1.1343,88
2.76,10
0.5782,11
2.0741,647
2.6226,4
1.023,30
1.082,157
1.7523,97
0.6224,7
1.6417,35
1.2442,177
3.0256,3
1.7361,892
1.4492,6
0.8143,15
0.8108,2031
2.0729,6
0.6389,2
1.0687,22
0.7528,6
3.5319,2
0.7986,3
1.2024,107
1.0517,43
1.7431,4415
1.1736,21
2.7912,15
0.7905,13
1.433,41
1.5658,387
2.7045,8
0.5867,10
1.2605,15
3.9714,4
0.8855,1
1.0349,44
1.7524,17
2.0137,147
2.2264,213
2.1818,2310
1.2443,25
2.825,7
1.6556,200
0.7019,22
1.6702,78
1.068,14
1.3852,34
1.5612,49
1.9574,236
0.9242,62
1.5047,7
1.1624,12
1.2179,49
2.5778,5
1.3387,88
1.7818,223
2.3492,30
5.2222,6
1.6581,44
1.4331,16
0.7115,16
1.0879,111
1.7059,1045
1.15,164
3.3043,2
3.1471,3
2.3521,16
1.3712,7
2.1928,27
0.6471,8
1.9737,267
3.697,2
0.8347,52
1.92,5817
1.7525,9
0.3478,135
1.6575,596
0.6417,13
1.0803,3
1.3388,17
1.6706,1111
0.9681,59
1.4778,338
1.2769,82
2.2254,1206
1.0519,42
2.5161,11
1.6544,11
4.3462,5
1.1827,51
1.6757,665
0.9519,19
2.7049,7
1.2752,4
1.8632,143
1.626,16
2.5735,4
1.3551,4
1.2981,46
1.7047,61
1.395,18
2.4474,28
2.1311,613
2.4286,623
3.1429,33
2.4792,25
1.6707,326
1.0635,208
1.8684,5061
1.4495,1021
2.1505,75
1.6271,203
0.9565,102
0.6405,6
2.3377,51
1.2891,10
0.6,256
2.1188,4
1.7527,206
1.84,1791
1.208,31
2.2911,4
1.1649,21
2.0694,110
1.0845,99
1.831,525
2.8913,8
1.687,33
1.0841,12
0.9636,62
2.037,390
2.0094,9
1.9577,733
2.02,781
2.131,62
0.6232,35
1.5152,633
0.78,10
1.2733,7
1.1515,107
1.2771,85
2.3375,31
1.7652,15
1.8796,51
1.0452,2
1.4821,58
1.2571,136
1.0846,7
0.7877,11
0.6589,3
1.1848,127
1.4659,229
1.4177,149
2.0696,10
2.2584,4
1.0684,17
2.1471,133
1.6338,550
1.8137,77
1.8312,747
1.3878,42
0.7188,88
1.1628,81
1.2772,10
1.7653,145
1.0139,75
1.8797,4
0.5455,17
0.9263,39
0.9853,79
1.1546,68
4.129,4
1.964,32
1.369,314
1.1953,14
1.7978,257
1.9741,2
1.5766,20
1.7101,486
1.1791,91
2.5122,4
1.0685,96
1.0244,141
0.8909,28
2.0079,70
2.2742,119
1.8922,30
1.958,12
1.896,4
0.9114,34
4.0909,20
1.2735,6
1.9739,2
2.2281,1548
1.5929,4
4.1034,2
0.9737,79
0.8452,29
1.5619,27
1.3717,7
3.3448,4
2.7955,11
1.4775,16
2.5902,34
1.422,6
1.7979,150
1.2424,109
2.0263,683
1.113,3
1.1792,15
2.1757,38
1.7817,2
1.6092,194
2.2593,135
0.8961,220
0.6744,12
1.7606,1061
1.4824,3985
1.2117,13
1.8142,5
1.5057,260
2.4151,254
2.5745,4
1.2844,17
0.9551,30
1.6567,439
1.1955,2
0.1925,4
3.2381,3
1.0849,8
1.1189,3
0.9811,17
1.3529,480
0.6783,3
1.2899,70
1.0192,30
2.6182,21
1.0247,94
1.5111,188
2.8409,14
2.3488,105
3.5405,18
1.5149,13
5.12,2
1.5862,287
0.9322,4
2.6071,8
1.3881,105
0.881,13
1.7037,365
3.5909,9
1.4556,703
2.2093,719
1.0242,53
2.0333,1450
1.9365,1533
1.7107,2
0.8736,3
1.2429,51
1.4853,3841
5.4231,1
0.94,51
1.8765,1164
1.432,25
2.5128,10
1.0231,3
1.7981,20
0.8188,5
1.29,28
0.8849,1
1.8925,78
1.8132,270
2.2805,30
0.8296,1
1.495,32
1.9306,669
1.6094,422
0.8261,44
2.016,43
1.8306,7
1.72,559
1.321,121
0.8659,21
1.925,204
2.5051,2
2.3175,50
0.7831,9
1.5932,186
2.3816,21
1.4713,338
1.4643,343
4.2083,1
1.8913,214
2.4384,4
2.0088,5
1.7363,269
1.2278,66
1.9293,675
2.1091,234
2.0326,244
0.4454,6
1.0241,27
1.3226,355
1.1014,38
2.0244,559
1.3281,127
4.3077,8
2.2549,114
0.6228,4
1.5276,23
2.9556,10
1.1301,5
1.8506,162
1.1339,52
3.9394,1
1.7364,152
1.3786,50
1.1216,76
0.8852,17
1.5606,344
2.2875,16
2.5556,46
2.4237,44
2.3472,21
1.5439,95
1.4333,312
2.2551,23
1.2066,25
1.2121,111
4.7667,5
1.9252,2
1.8969,303
2.0864,530
2.8837,9
0.5857,38
2.1932,11
1.0196,31
4.3448,1
0.9813,18
1.5115,5
2.8939,3
1.4944,201
10.7273,1
1.2234,73
1.7789,161
3.1446,6
2.8615,3
1.0521,63
0.5882,16
1.114,2
0.7969,44
0.7416,28
0.4143,156
1.7203,38
1.3182,288
1.6569,40
1.3228,39
2.4118,101
2.6977,4
1.544,8
3.9722,1
1.7973,2469
1.1325,42
1.0397,13
1.7528,189
1.5278,517
0.8831,20
2.4865,10
1.2447,54
1.8472,1780
0.9485,16
4.0938,4
5.45,1
2.5526,3
1.3391,9
4.2143,1
1.427,480
1.1176,156
1.8182,2584
1.9362,118
1.4225,1804
2.5091,9
1.0522,9
2.0667,1615
1.1466,9
2.1154,322
2.2889,45
1.3229,134
1.9254,691
1.7529,179
2.102,83
1.1304,200
1.9485,303
0.8929,87
0.7465,8
0.993,1
2.5417,75
1.241,72
1.3554,21
1.1957,108
1.8739,9
2.6731,1
1.7329,2
2.0551,54
1.5604,177
2.8,68
2.0976,102
1.7255,83
1.281,35
1.9417,70
0.797,12
3.2424,3
0.8542,7
0.8906,24
3.7143,4
1.0361,14
2.0707,21
3.1481,2
1.6548,163
2.6981,12
0.7308,71
2.68,14
2.541,4
1.7071,50
1.1467,63
1.8636,1614
1.6386,141
1.4661,26
1.2411,2
2.2113,97
1.2449,20
4.04,1
1.3119,13
0.6029,76
4.5,21
0.6624,2
1.3393,43
1.0686,14
0.9405,13
2.28,117
1.2736,29
2.4769,44
1.163,132
1.5078,28
1.6883,322
2.2568,34
0.8413,10
1.368,18
1.2574,16
1.3718,379
1.1468,15
0.6555,6
1.6387,2
2.0571,6257
2.3556,52
0.7027,6
1.0156,892
1.6238,47
1.766,15172
1.3556,334
1.6712,517
1.0654,13
0.8378,80
1.6747,107
1.45,353
0.9904,21
1.5444,127
1.7113,4036
1.8526,61
1.7206,909
1.8762,15
2.1842,45
1.2907,91
1.7656,896
1.88,1144
2.0168,8
1.4825,5
2.4154,32
1.86,145
1.2951,77
1.9767,183
2.1702,152
1.7816,179
0.9512,60
1.016,12
1.6875,1204
4.5484,1
1.6095,29
0.6977,1080
1.0394,43
0.9558,3
2.0702,1367
1.1163,72
1.5607,23
1.8763,46
1.9907,15
1.0526,152
2.2453,157
0.7662,23
1.9474,622
1.6279,154
1.9298,638
2.6863,16
1.2048,29
1.876,9
2.2581,110
1.306,10
1.0851,81
0.8687,2
2.6098,19
0.8111,16
1.2901,17
2.0306,32
1.1795,143
2.1639,637
1.782,2
3.5263,4
1.9583,1064
1.6714,639
0.4845,2
2.1899,50
3.8571,28
1.8252,15
1.1633,24
0.8068,3
0.8701,30
1.7297,10124
1.4948,42
1.4951,17
1.7983,3
0.8525,8
1.5636,80
2.8947,10
1.987,759
1.6328,4
2.0545,214
1.8764,521
0.9569,12
1.0467,2
1.0977,10
2.3134,30
0.6857,25
0.8913,73
2.9459,3
3.8125,6
1.9746,2
2.7963,4
2.2576,35
2.5132,15
1.069,272
1.434,46
2.6744,21
4.1818,5
0.9835,3
2.4189,8
1.0704,100
1.6724,146
1.8917,19
1.7821,1518
3.1739,2
1.3846,16029
1.274,84
1.392,8
1.4952,63
1.4394,126
0.9175,14
1.5745,91
1.9909,4
1.479,9
5.5417,1
1.3684,504
0.6935,9
1.4828,135
1.2957,28
0.9589,76
1.9425,98
2.253,85
2.1765,392
0.7582,8
1.3065,92
1.9709,125
1.1959,23
1.0853,29
1.5772,21
1.3204,12
1.1797,21
0.916,8
4.1515,4
0.8434,42
0.8607,24
1.6716,521
1.6761,604
3.3953,2
3.6471,2
2.7869,5
1.1407,4
1.2766,212
1.9818,521
1.9872,114
1.1016,17
1.0492,192
2.0341,119
1.7985,2
2.425,9
3.0179,5
2.4426,22
2.5536,32
1.0235,14
1.8475,517
1.1798,99
1.337,179
1.451,49
1.3952,14
2.7024,6
0.662,5
1.2889,225
4.5652,1
2.7708,33
0.9533,22
0.8873,24
1.7204,199
1.7823,10
1.4954,7
1.6098,235
2.1013,200
1.1017,106
0.965,1
0.9474,247
0.8217,1
1.9516,834
2.0962,629
2.1321,125
1.7042,833
3.08,5
3.8085,2
0.6438,121
2.8261,1
1.1961,35
1.1238,27
0.8926,7
2.5072,15
2.2432,33
2.1134,17
0.2981,2
1.2576,73
2.1477,340
3.9615,2
0.5758,4
0.8132,11
0.8722,2
2.0964,88
2.7258,7
1.9255,430
1.373,5
1.4174,6
1.7339,60
0.7754,1
1.7905,18
4.3571,23
1.2911,133
1.3438,228
1.9149,473
1.528,14
2.4468,19
2.1828,11
2.6333,6
1.5118,18
1.1143,90
1.1717,34
1.7168,4
1.0789,51
2.5714,210
0.8299,1
1.4956,15
1.3231,102
1.4567,10
0.9231,414
0.8571,713
1.1493,68
1.4337,182
1.367,49
2.7959,16
1.9256,2
5.2609,1
2.7407,6
1.3982,275
1.2037,16
1.4175,23
1.3069,73
1.5119,360
1.717,40
0.6393,3
4.9167,1
2.3239,18
2.1224,87
0.441,3
1.2581,301
1.0198,5
2.2885,151
1.2288,5
1.0978,120
1.8313,1417
1.6063,13
1.7576,992
1.4338,2
1.2088,166
1.3232,64
0.908,41
0.717,179
0.8443,4
1.8151,6
1.307,15
1.9605,116
3.1892,21
1.618,212
1.236,67
0.8381,2
1.8438,1188
2.382,4
2.1618,60
1.7419,759
1.6226,22
0.8362,2
1.8476,13
1.512,23
0.9082,30
0.6415,274
2.3506,7
1.1145,7
2.451,88
1.942,512
3.1628,3
3.5556,25
1.314,123
0.8496,14
0.863,19
1.8152,345
1.0083,35
2.4156,5
3.0513,13
0.6429,61915
0.8269,10
1.0364,14
2.4909,205
0.6441,8636
1.2414,189
1.9836,974
1.8308,979
3.1163,6
1.352,6
2.569,7
3.5882,2
0.9237,11
1.2252,20
2.3281,59
2.0641,23
1.3396,12
0.7949,2
0.8857,237
1.9421,2
3.2727,13
1.7171,11
1.5446,46
1.7654,1944
1.022,471
4.5517,2
0.7891,3
0.9403,76
0.8118,5
0.8651,8
1.8602,202
1.4058,189
2.1327,20
3.4615,4
1.7732,30
0.7365,1
1.7109,4
1.7984,6
1.844,2
1.2451,34
1.9881,374
1.3359,10
1.1011,80
1.6308,408
1.4341,2
1.4624,166
2.8302,30
2.2537,109
5.3684,1
1.2578,8
1.0574,12
1.9839,1406
1.8603,2
1.0366,12
1.374,7
0.9252,22
0.7967,64
1.5285,4
1.0899,54
1.131,66
1.4628,6
2.6042,34
2.5429,9
1.9292,32
1.6541,13
0.6395,5
2.3971,27
1.7079,347
0.7563,3
1.663,253
2.7317,8
1.4466,131
1.561,228
1.336,3
1.1635,29
2.9529,2
1.9423,319
2.2698,122
3.2558,42
1.1473,25
2.0377,763
1.6383,208
3.4324,3
1.6392,72
2.0636,6
0.619,19
2.1343,396
3.4,19
0.9726,49
0.7191,10
1.2472,100
1.3523,197
1.4667,1130
1.2417,4
1.0692,7
0.8917,4
0.8729,5
1.2182,20
1.7402,12
1.053,28
2.7719,8
2.2716,27
2.9531,15
3.2564,1
0.5897,2
1.1636,41
0.8,2205
1.8947,5316
1.7661,7
1.4792,85
1.6555,4
2.5079,19
1.8293,245
2.7872,15
1.3524,35
1.1681,25
0.947,36
4.1613,1
1.5736,59
0.6932,107
0.954,33
1.592,19
1.4921,147
1.437,9
2.1552,856
1.0693,7
3.2364,2
1.4468,100
1.191,171
1.2743,9
1.9313,9
1.0225,135
2.024,16
1.7662,521
1.4524,323
0.6087,346
1.5698,131
3.1731,9
1.4793,9
2.0725,2239
4.381,2
0.7549,5371
1.0305,14
1.0818,9
1.4364,1322
1.9712,6
2.0104,108
3.6216,2
1.6881,30
1.5775,452
0.6149,5
1.3525,12
1.9873,214
1.18,17
1.955,5
1.0694,119
1.8118,261
1.0548,259
2.0439,2
1.7937,814
2.7647,19
1.937,2
3.9697,2
1.7805,228
0.8016,1
2.9535,11
2.7761,9
1.9875,438
2.1197,2
1.8769,1351
1.1077,80
1.6633,89
1.8607,14
1.9091,5599
1.0336,27
0.869,11
0.9898,19
1.6962,345
0.6346,3
1.6882,214
0.8056,14
1.0657,1
1.8932,10
0.9238,14
3.2368,11
1.0316,82
1.5246,142
1.4957,32
0.8609,20
1.234,89
1.5915,744
1.2745,13
0.8298,6
1.1639,56
1.7664,60
0.9462,41
2.0282,5833
2.0215,209
1.0843,23
1.1926,12
0.8962,2
1.1964,25
3.7813,1
1.5739,11
4.0769,6
2.1148,1015
0.6622,37
0.9712,10
2.5068,4
1.1802,8
1.5753,482
1.3721,227
0.9626,15
1.4014,3
2.1913,2
2.3774,400
1.1194,104
2.6304,35
4.0882,1
0.8772,5
0.8415,7
2.0928,167
1.7961,96
1.0821,30
3.3333,75
2.7432,13
0.8138,8
2.2239,89
1.1927,3
0.7867,4
1.3071,14
1.6846,8
0.5846,317
1.36,1853
1.3039,37
1.1146,81
1.1765,173
1.2909,32
0.9716,1
2.3137,120
1.1803,76
1.4959,16
1.0337,98
1.0267,604
2.686,4
1.5068,300
1.3117,725
0.8881,3
1.209,45
2.0233,185
1.8509,28
3.6129,1
4.6818,1
1.7009,35
2.1714,3394
2.1574,2
1.1928,50
1.0938,170
1.2021,78
1.6847,5
0.781,10
2.0899,205
1.4016,25
1.291,2
0.8195,4
0.816,135
1.5122,235
1.2099,68
1.7815,5
2.1159,195
1.4265,197
1.3197,16
3.1136,2
1.496,11
0.7413,1
1.2535,107
1.934,58
1.8154,993
1.5904,189
0.9798,3
2.5366,36
2.2712,471
1.197,75
2.0345,596
1.7051,978
1.097,3
2.9574,4
2.7083,10
1.0204,25
1.3425,126
3.9412,1
0.9118,88
1.573,82
2.5522,2
0.7419,95
0.9884,18
2.561,6
0.6867,1
1.4961,4
0.982,25
1.4925,402
2.7612,2
1.3483,379
1.8413,860
2.3188,34
2.2553,164
2.0357,554
1.8155,37
0.7984,12
1.418,4
0.8409,18
1.7955,471
2.2381,351
2.2241,357
2.0361,601
2.7288,3
0.7258,8
1.4018,4
0.6705,3
1.1311,114
3.0769,13
0.8023,7
1.623,797
2.3514,19
1.2255,20
1.8806,5662
1.9386,2
1.828,96
1.7174,269
1.019,13
1.6068,7
1.7264,9
1.6609,2
1.4156,459
1.3037,3
1.5056,180
1.3111,188
1.413,140
2.2571,590
3.1714,2
1.0368,4
5.087,10
1.2418,94
1.8443,6
2.4902,56
1.3659,228
1.672,3
2.127,1090
1.6231,3
1.2333,196
1.5125,253
2.0933,445
1.115,1
1.3362,2
1.5244,334
7.8824,2
0.7742,56
1.224,15
1.3737,38
2.0685,360
0.7471,3
1.4306,215
1.6161,25
1.4344,6
1.8119,134
2.4063,38
1.2254,54
1.6559,161
2.3673,25
1.5065,257
1.1313,32
2.1954,326
1.75,7387
2.0517,637
1.3394,8
1.5126,14
1.8972,22
1.0707,25
0.6812,5
1.3363,3
3.6923,7
2.9737,2
1.7176,158
4.0741,1
0.5091,26
1.31,27
0.9389,12
1.037,91
0.8101,7
2.9211,5
0.9328,31
1.5077,270
1.0632,109
2.0465,280
1.6395,167
1.8478,180
1.5289,36
2.6056,18
2.161,14
2.0429,2422
0.56,4
1.4569,5
1.447,7
0.9467,66
1.0495,7
1.9389,579
1.0533,120
1.8283,64
1.126,22
0.8065,54
1.0333,532
1.4133,210
3.9375,30
1.6396,2
0.8256,13
2.1263,3
1.6393,517
1.4138,362
1.033,244
2.434,30
2.8889,15
2.5439,2
1.5577,112
1.734,80
2.3902,8
3.3684,11
1.6471,990
2.42,73
0.9758,21
0.9391,1
2.2317,29
1.4309,16
0.6541,5
0.8539,19
1.4674,132
2.1884,200
1.3019,71
1.2584,125
1.1478,9
2.3425,3
1.2422,5
1.3578,43
1.6903,71
2.1236,222
2.1096,494
1.4472,19
1.9434,186
1.4127,116
2.5441,2
1.0659,86
2.2391,28
1.1603,2
4.75,2
0.7798,46
0.7763,10
1.3656,242
1.0855,8
1.4205,483
2.1449,72
1.656,12
2.7547,8
3.6571,13
1.7921,75
1.6804,87
1.1772,43
1.5741,64
2.973,8
2.2703,61
1.5976,144
2.1882,47
2.0492,1839
1.7829,4
1.9057,294
1.6723,11
1.1604,6
1.2748,9
2.1136,259
1.7553,146
0.8272,20
0.9487,49
0.9661,18
1.381,326
2.9643,4
0.7476,7
2.0095,102
2.86,8
2.9219,5
1.6016,17
1.9717,11
2.2542,613
1.4494,192
1.7549,32
1.0661,9
1.1688,27
1.4059,6
2.2388,392
0.3913,8
1.783,42
0.9739,30
1.2698,71
2.7333,7
1.9359,192
1.988,120
0.9083,7
0.8121,3
0.6211,10
1.3187,279
1.2317,265
1.6622,477
1.2874,129
2.254,275
1.4848,350
1.5676,541
2.0328,1747
1.7536,649
1.7831,318
1.5765,158
2.3659,15
1.7578,4
1.7669,28
1.6476,18
1.5906,17
4.0303,2
1.2093,78
0.981,4
1.0825,29
2.7073,17
1.685,29
1.2404,17
1.661,290
2.9333,64
0.8693,1
0.814,8
1.0094,12
1.7956,10
1.7872,758
1.8265,92
1.757,34
1.2087,29
1.5921,346
2.6197,4
1.4019,17
1.1769,4
2.6604,13
1.7794,1481
1.9107,212
1.7832,2
0.7903,15
2.493,9
1.6078,151
1.8776,186
2.9412,30
0.9084,7
1.4712,40
2.551,42
1.972,204
4.069,2
2.7292,9
0.9192,24
0.9659,16
1.9063,2064
1.7957,1021
1.9101,81
2.7541,2
1.177,16
1.402,14
1.7795,3
1.8588,288
1.5393,246
0.6708,397
1.8939,1654
0.7356,9
2.6349,3
1.505,9
1.0392,40
2.0349,104
1.0175,33
1.8777,11
2.1341,29
2.0982,13
0.677,5
1.7043,8
1.1729,4
1.202,30
1.1933,7
1.0827,6
6.4762,1
0.8293,14
0.6383,374
2.2133,20
2.5082,12
1.1075,139
0.5574,23
0.8444,63
2.1308,8
1.3286,79
1.7177,19
1.6071,233
1.3821,22
1.8482,2
1.099,12
1.1778,1464
1.6526,104
2.0112,63
2.1222,535
0.6216,2
3.8077,4
2.3684,1877
2.0984,8783
1.304,21
1.0476,581
0.6892,4
0.8732,45
1.5128,417
0.7813,46
4.6774,1
2.1558,165
2.3563,6
1.3733,192
1.8941,124
1.5684,98
1.4234,734
1.8284,4
2.4255,31
1.918,1339
1.3203,24
3.1148,4
2.6029,7
2.4429,2
0.6718,17
1.0991,3
0.3516,8
2.6383,26
2.1868,3
1.2637,117
2.7536,18
1.5253,52
1.688,12
0.9248,1
2.0128,296
0.8136,42
1.9651,367
1.0172,39
1.1316,52
0.9241,6
0.9206,56
1.021,4
1.5091,41
1.6235,128
0.6379,8
2.3036,203
2.7692,60
1.1154,97
1.6067,190
1.3277,33
0.9425,14
1.3307,13
3.2667,3
2.1125,297
2.0348,2
1.5504,4
3.525,7
0.791,570
2.1264,116
0.9464,11
1.4148,12
0.7895,268
1.9067,2001
1.1356,50
1.0211,135
0.8367,3
2.0943,183
1.513,4
1.124,37
0.784,10
0.7805,937
1.12,169
0.8839,2
0.5753,4
1.6074,13
1.3367,45
0.7733,9
1.2261,7
3.0588,6
1.8286,11686
1.5417,594
1.863,890
2.0175,482
0.958,5
0.7746,5
1.2791,102
0.9542,164
1.2444,165
2.2793,4
1.6465,117
1.398,57
2.566,27
0.7064,2
1.0174,8
1.1318,5
1.4744,459
1.4474,306
1.6543,307
1.6237,200
2.3091,209
1.2262,89
0.9529,72
1.4023,414
1.7181,6
1.3206,3
0.6852,5
1.9157,245
1.2947,110
0.7324,8
1.7703,858
1.9111,145
2.1446,68
1.9266,3
1.9231,2439
1.24,133
2.7556,13
1.3239,131
1.7344,808
2.6066,7
1.7745,131
1.845,11
4.4545,4
1.8103,320
1.1846,70
1.8026,732
2.1593,6
1.4561,78
1.8288,16
0.7119,2
2.6316,19
2.6026,4
2.5217,41
3.6154,12
3.1111,2
2.2041,2314
0.9658,5
0.7015,2
1.2426,4
2.0077,71
1.7024,2039
1.7345,7
1.6239,5
2.1905,177
1.2264,16
0.8531,9
1.4314,37
0.7197,20
1.1607,34
0.8602,39
1.0294,146
1.1474,103
1.7632,3521
1.9902,355
2.7838,1
1.767,19
1.542,8
2.9844,10
2.0811,522
1.2589,8
1.6796,19
1.8614,7
1.6364,1766
2.2738,117
2.1348,4270
0.845,14
1.5905,72
1.2029,43
1.0374,7
1.9758,2
0.6688,53
0.5986,17
0.9701,99
1.5583,5
3.0789,4
1.2556,132
1.0658,57
2.0143,967
1.5421,5
1.9367,97
1.9922,73
1.1446,94
1.6783,2
1.9479,130
1.271,22
2.4058,6
2.3333,2888
1.3884,75
0.6463,5
1.3696,41852
2.1277,193
2.1509,153
2.0119,596
1.8615,1082
3.1935,5
1.1771,59
1.3534,24
1.7788,62
1.9559,1063
4.0204,4
1.2712,45
2.0444,158
3.5862,3
0.646,251
0.8925,37
1.3818,38
3.0172,2
2.2222,752
1.874,15
1.1616,74
1.7634,165
1.3897,2
1.6528,544
1.4803,6
1.344,17
1.1495,23
1.1587,86
1.3697,28
1.7881,9
2.0267,8834
1.4194,355
1.881,2135
2.403,29
2.3265,47
2.44,102
2.1023,165
2.0336,3
0.9189,106
3.8846,2
1.386,422
1.4479,116
0.9434,22
0.8774,45
2.5806,15
1.8779,4
1.6529,18
0.7651,1
1.816,10
1.4327,36
0.9891,169
1.8741,13
1.9885,606
3.6486,8
2.7917,8
0.9324,144
1.9388,43840
1.1818,1018
2.9231,24
2.0337,631
1.5748,21
3.05,6
1.2879,74
2.4051,13
2.0161,1725
1.6692,8
2.0645,8514
2.7593,8
1.5586,6
2.7368,9
3.9643,16
2.0515,3
1.8904,844
1.7798,8
0.8533,11
0.9868,72
1.2717,125
0.9873,34
0.764,26
0.9639,3
1.7636,153
1.4362,111
1.3661,8
1.0086,6
3.075,7
1.4086,211
1.7766,204
1.8618,4
0.6883,17
1.4272,34
0.987,56
1.6855,12
1.288,3
1.5725,9
1.1774,95
2.0947,9
1.407,362
2.4773,26
2.9483,4
2.7297,20
1.3824,172
1.8725,497
1.2718,23
1.5743,59
2.8864,11
4.8,8
0.8507,20
0.9722,48
1.1379,177
2.2178,2
1.0678,51
0.7571,14
1.0496,22
1.8784,1081
1.2464,37
1.1912,69
1.575,4832
1.8195,9
1.5207,8
1.6694,32
2.2676,17
2.0968,485
1.8906,1460
1.6075,10
1.466,33
1.7019,15
1.4769,180
2.4082,21
1.5913,30
0.6771,3
0.9606,24
0.9571,27
1.1125,26
1.632,9
0.6335,55
1.9906,299
0.5672,40595
0.6341,12
1.0357,36
1.3412,233
3.0488,18
1.7963,193
1.6857,786
0.7624,3
1.1157,6
1.1776,15
1.5909,689
1.4932,295
1.6076,172
1.3826,6
2.0989,648
2.9394,4
0.8919,47
1.0481,10
0.7653,3
1.4808,1938
1.2101,3
1.9412,1235
0.8205,60
0.942,24
1.1939,17
0.9784,1
1.0833,409
1.7792,917
0.6452,27
2.1455,262
1.443,192
1.3735,153
2.24,227
1.6496,5
1.9551,144
3.9032,1
1.9364,36
1.8908,5
0.8054,1
2.0385,4425
4.16,2
1.3488,252
2.0625,983
1.7021,309
2.7632,1
1.194,38
0.944,11
2.6613,4
0.8679,16
0.8644,28
1.9753,300
2.7308,8
1.2316,141
1.1889,138
2.5096,16
1.5096,33
1.6746,49
0.8369,1
1.1121,41
2.34,84
1.1558,56
2.3671,17
1.7184,22
1.8019,145
0.876,27
2.2436,54
1.3953,789
2.1408,5907
1.8173,41
0.8676,25
1.5259,12
1.6222,249
2.7358,12
1.4153,8
3.9706,6
1.3047,14
1.8706,251
1.9072,157
0.6028,28
1.5701,103
2.6615,15
1.1284,12
1.1376,41
2.2299,3
1.4397,12
2.5672,8
2.6889,19
2.6737,103
1.3131,51
0.7042,12
2.3067,11
2.4177,22
1.2266,18
1.8291,8
1.4316,121
0.903,3
1.219,28
2.4545,780
0.9627,2
1.3048,18
1.0375,19
1.0341,101
0.9732,5
0.5944,6
0.7245,2
0.7817,1
1.0179,9
1.3021,85
1.6204,13
1.7348,7
0.8189,5
1.3373,85
1.2267,88
0.9146,9
1.0153,15
0.8319,13
1.8454,24
1.3494,164
2.3088,51
2.1698,205
2.3462,83
2.0482,55
0.9314,8
0.7935,5
1.3211,14
3.9688,1
0.9867,108
1.813,6
1.3857,143
1.018,3
1.7473,253
1.9036,1965
4.08,2
1.8116,905
2.6,87
0.7349,13
1.5204,147
1.6972,23
1.2527,141
1.7375,501
1.8455,27
2.5676,16
1.448,22
1.5889,209
1.0505,34
1.3676,119
2.4359,38
2.1719,129
1.0282,50
1.4945,139
1.2128,110
1.9237,4
3.2683,8
2.5283,53
1.1449,53
1.7474,12430
0.8433,14
4.1143,3
2.1196,2
0.936,7
0.745,2
1.2393,9
1.2235,145
1.3537,127
1.1287,6
1.7312,168
2.8214,20
1.2231,12
1.3375,114
1.3545,13
1.66,287
1.4889,344
2.0816,233
1.7938,53
1.152,18
1.0506,13
3.0638,25
1.6531,83
2.188,4
2.549,20
1.5288,44
2.1563,386
1.7475,164
1.6842,1891
0.7204,2
2.1571,323
1.5263,886
3.8378,3
0.7018,173
1.1288,20
1.848,19
0.9174,6
3.5652,10
1.4416,205
2.3617,20
3.0385,3
1.3538,88
1.7313,489
2.6102,3
3.1167,2
1.1613,300
2.72,14
1.4493,484
1.5673,13
0.6423,2
1.6532,7
1.3544,93
0.8052,4
2.8542,11
1.3663,19
2.6901,83
2.3636,244
3.0909,34
1.9688,5360
0.9379,3
1.8209,1078
1.5172,308
1.9726,8646
1.1858,35
4.1852,1
2.0164,2170
0.9023,9
0.8993,2
2.0268,5
0.8793,28
3.8056,12
2.9487,7
1.6695,6
1.2391,135
1.949,920
2.4444,129
1.272,21
1.6066,479
1.9121,152
2.0469,714
1.3664,16
0.9457,58
1.2558,95
1.1452,97
1.2545,99
1.7477,17
2.3797,12
2.1157,81
2.1039,87
1.9727,4
1.4608,46
1.5752,25
0.8125,56
10.25,2
1.8873,685
0.8872,1
1.9565,1850
1.8085,50
2.0145,1775
1.1615,8
1.8427,261
1.3827,196
1.7639,1303
1.9444,1050
1.0826,29
2.3827,12
1.5062,252
1.764,205
1.7213,628
4.4643,1
1.8584,4
2.3818,65
2.1803,1238
1.4609,22
1.2154,71
1.9528,5
1.0672,41
2.2195,58
1.4598,714
1.6966,173
1.5591,276
0.9381,38
0.8721,8
1.9808,153
1.7803,6
1.3828,4
3.875,2
1.9853,14479
3.0476,39
0.8194,4
3.4286,8
1.6535,110
1.0462,187
1.1642,66
0.7654,16
1.256,26
0.9496,9
1.8585,29
1.2091,5
3.871,3
2.0784,308
1.2561,77
2.8548,6
2.3429,16
2.1217,12
2.0632,10
2.3214,87
2.2449,50
1.686,244
1.461,7
1.2885,53
2.0274,99
2.0877,594
1.0673,5
1.6698,40
0.8045,5
2.3288,9
0.9855,40
0.9195,17
1.7642,29
1.8046,145
0.855,2
2.2258,148
1.096,10
2.0423,184
2.0471,63
1.141,42
1.134,22
0.9561,3
1.5917,28
1.1942,48
1.9692,11564
1.7967,4
1.4632,166
1.2031,178
2.7931,3
1.5755,30
1.2857,799
1.178,9
2.8235,34
2.0595,191
3.3896,2
1.0376,1
1.0674,75
2.92,18
2.4776,13
0.7815,4
1.8911,973
1.6042,415
1.4737,747
0.7717,13
1.0435,315
0.9079,48
0.9044,4
0.7736,10
1.9855,1202
6.5909,1
2.125,1627
0.8252,9
0.8761,8
0.8208,2
2.7818,3
1.3714,539
1.1733,47
1.2913,28
2.3256,44
2.2459,1483
1.02,25
1.2887,75
2.4366,21
1.8167,533
1.567,75
0.5143,899
1.137,81
1.0962,21
1.8131,4
2.5352,5
0.6774,29
0.9394,265
1.3548,17293
1.1944,107
1.6825,464
1.3306,26
2.2027,48
1.7969,1098
2.2816,3
1.9316,2
2.2658,12
3.0303,3
1.51,89
0.9104,71
1.2051,112
4.9259,1
3.0244,10
0.8152,36
1.7807,14
1.3832,19
1.9857,631
1.5882,736
2.2877,28
1.5294,999
0.9367,35
1.1743,11
4.9583,4
1.1754,55
0.7656,8
1.6045,2
0.9652,39
2.7937,6
1.3051,81
2.2048,84
0.8557,17
1.6864,6
2.2653,33
2.8511,6
2.1047,269
1.2232,47
2.0658,328
1.0339,72
4.6176,3
1.8257,2
0.8626,2
0.9841,95
0.575,13
0.6759,12
1.8295,195
1.3176,158
0.8596,118
1.3214,167
1.8095,4246
1.6989,306
1.1839,142
3.2982,4
1.7077,686
0.8673,19
1.9077,5043
1.7971,1503
1.4727,51
1.2151,133
3.9143,3
1.0183,4
1.4717,63
0.8526,42
1.5727,8
1.5102,62
1.4947,65
1.1127,93
1.168,36
3.2791,4
1.8296,4
1.6604,62
2.5682,11
4.1563,8
0.91,19
1.1345,28
1.8134,2
1.9506,7793
1.4321,204
2.2527,7
1.7383,44
1.5595,176
1.74,83
0.907,28
1.129,252
2.2203,320
1.5784,26
1.9432,182
1.1128,6
1.4336,15
2.459,29
2.1325,44
2.0309,5
1.7315,16
1.2696,35
1.2469,134
1.9403,838
1.4505,275
0.7385,9
0.9574,46
0.8289,20
1.2072,11
2.2206,196
2.359,40
0.8435,1
1.0982,7
1.0185,13
0.6776,4
1.4043,158
1.7723,61
1.6372,11
1.2397,4
0.5952,6
1.4182,166
3.3636,4
1.621,42
1.5104,87
2.1486,278
1.1129,181
1.3386,87
1.7191,159
2.5067,18
2.5686,14
2.0152,753
2.9167,6
1.5429,445
0.6923,13867
0.9388,23
0.879,6
1.0261,2
1.9204,2
2.3778,66
1.0348,6
1.6373,79
2.1239,2
3.175,9
1.3504,19
1.5895,106
1.59,40
1.2421,180
1.7317,3792
0.9301,1
0.9022,20
1.9529,672
0.6954,4
1.6914,355
2.4722,5
2.3412,3
2.8519,2
2.3382,36
2.3867,29
0.6406,100
3.5526,9
3.931,1
1.9405,111
2.7576,9
1.4286,2871
1.2617,17
1.1455,25
1.9205,112
1.1358,34
1.3966,100
3.2,18
0.9897,17
1.2549,684
2.6338,5
2.6957,12
1.5268,7
1.0617,33
1.8586,561
2.8205,6
1.4021,62
1.3505,131
1.5195,321
1.0314,2
1.6494,356
1.7927,128
0.8908,2
1.5593,168
2.3107,9
2.041,2
1.9368,270
3.2326,1
1.5974,288
1.5273,157
1.0571,132
2.7778,32
2.5763,16
1.1618,85
2.0308,748
1.2055,42
1.0455,117
1.4907,16
0.8411,4
1.2562,18
1.9106,4
1.8587,103
1.7302,907
5.8261,2
1.7481,2
0.9121,29
0.7836,10
2.5616,5
2.1089,14
1.4933,549
0.8868,11
1.3186,7
0.8642,126
2.5397,7
1.3137,34
1.3692,77
1.5556,2659
1.67,34
2.0147,1216
3.3023,6
1.9043,52
1.2966,22
1.1619,19
1.9369,3
0.832,1
1.0513,43
1.6538,629
3.0299,60
2.3284,50
1.5432,454
2.7321,5
0.7097,8
1.875,3344
0.8359,3
1.9694,21
1.2747,179
0.9595,128
1.0377,19
1.7482,5
1.0638,55
1.4343,45
1.1782,16
2.1709,8
1.8426,5
0.6612,130
0.5273,3
1.971,599
1.7765,178
1.6596,327
2.5075,25
2.032,124
2.018,10
1.0531,11
0.598,33
1.2564,50
1.5505,51
1.7045,213
1.1458,32
2.8537,3
1.1349,22
1.9038,268
1.4132,9
1.2522,18
0.5694,107
0.8784,17
0.8047,4
1.3708,217
1.1783,46
1.9533,2
2.6579,18
1.3833,104
1.1583,29
1.8158,617
1.8088,2175
1.2727,557
1.4923,290
0.8936,17
2.1875,537
0.9625,177
1.3671,124
1.1286,89
1.0588,171
4.5909,1
2.6591,21
2.4576,26
3.1389,2
2.6346,22
1.7065,269
1.1746,89
1.1364,167
0.9293,21
0.7383,3
1.4731,1996
1.3511,115
1.6703,198
2.9362,1
0.6506,48
1.5893,63
1.1622,112
1.8915,6
1.494,280
2.1548,112
1.1584,17
1.0965,8
2.1553,2
2.4521,17
1.339,276
0.8476,7
1.3672,10
1.9697,374
2.4737,56
0.8682,11
0.7557,3
1.8974,249
2.7941,17
1.1909,13
1.7934,29
0.7303,4
0.8601,7
0.914,30
1.3143,88
5.25,24
1.633,6
0.7267,19
0.7857,67
1.8804,194
0.9154,4
2.061,463
1.781,6
1.3835,4
0.8592,25
3.3929,3
1.3521,118
0.9804,14
1.4359,412
2.1633,255
1.3673,29
1.5785,4
0.9406,20
2.4516,59
1.6991,75
3.6512,2
1.3016,103
2.0316,6
1.4779,12
0.9881,13
1.0804,12
0.8991,17
1.1748,38
1.6442,24
1.2892,118
2.7619,12
0.557,4
0.7081,41
1.2877,79
1.7182,36
1.1638,10
1.8471,145
1.6048,10
1.8025,249
1.2073,138
2.66,24
0.6778,210
2.0938,3048
1.6992,40
2.3529,103
0.7639,2
1.5424,111
2.0319,1246
0.9236,5
1.4123,7
2.725,4
1.3017,5
2.8592,2
3.3846,4
1.3934,141
2.2826,221
4.4138,5
4.4483,15
2.0614,5
3.2045,7
4.8077,3
2.4714,10
2.3226,103
1.3627,39
1.2893,20
0.6761,16
1.8687,62
1.4943,288
1.32,195
1.563,16
2.6724,17
1.7155,4
1.4955,23
1.2074,18
1.0968,378
2.7797,10
2.0565,155
1.969,236
3.0159,8
1.5887,18
0.6777,7
1.1416,2
1.0187,5
1.3951,250
1.7609,214
0.7802,6
1.5106,165
1.4,26934
2.4828,47
2.2209,269
0.7439,17
0.6154,292
2.119,115
1.2237,51
2.9767,22
1.7156,7
1.605,8
2.0761,572
1.1648,137
1.2075,30
2.0609,4
1.81,162
1.3789,105
1.1913,5
1.9206,1246
1.16,94
0.979,1
2.3086,15
2.1071,427
2.9667,5
3.2373,17
1.7114,3
1.1294,47
0.695,492
1.9082,102
0.7537,1
1.2603,96
1.1132,29
4.7692,4
0.6038,661
0.9753,33
0.9709,4
1.1099,85
2.5692,4
0.7126,21
0.8864,20
2.9792,2
3.2903,2
0.7576,12
2.7755,4
1.0096,24
2.1587,394
1.3158,384
1.8101,726
1.9481,217
1.3486,6
1.527,434
0.8278,2
2.1857,49
1.2062,21
1.0189,21
1.5234,30
1.3861,170
0.8295,27
1.8362,30
1.732,169
2.5694,2
1.6214,23
2.1194,509
1.2239,72
1.1811,8
1.589,493
1.8264,7
2.537,233
1.2077,8
1.976,8
0.9872,157
1.8102,8
1.5395,287
1.8544,76
1.5349,300
1.9718,697
1.0352,3
1.5233,151
1.7053,104
1.0152,91
2.0488,313
1.44,414
1.1519,48
1.5071,7
2.602,5
1.5109,141
1.2921,139
1.1134,30
4.5556,1
2.5696,3
0.8861,22
2.5077,8
0.5636,117
1.0315,17
1.0641,42
2.1385,186
1.8242,5784
1.7547,78
1.6378,4
1.4128,10
0.236,86
1.8525,710
0.7885,3
0.8942,87
3.3617,11
1.6216,879
2.9818,4
1.3509,138
2.1895,9
1.0811,81
1.7105,682
1.2403,7
2.0649,927
2.4884,12
2.381,85
0.9463,4
1.4453,8
0.9764,24
0.8142,2
2.8529,6
0.8356,4
1.5575,10
2.0579,6
1.4854,19
4.4348,5
2.3099,25
0.937,13
0.871,102
0.9076,2
0.5426,2
0.8395,12
2.1848,2
1.2566,3
1.287,88
1.6379,124
1.3558,16
1.9535,320
0.8472,21
1.1298,4
0.9684,148
0.9932,1
1.7323,10
1.8442,11164
2.2545,255
2.303,237
1.7374,22
0.2547,12
2.4386,4
0.6842,13
5.3846,1
2.2174,232
1.1585,16
3.775,4
0.9098,17
1.8778,85
1.5398,6
0.9844,174
0.8559,110
1.6542,2
1.6827,66
1.0317,218
1.4015,13
1.1453,5
1.0896,41
1.7321,136
2.1231,287
1.5888,11
2.0935,44
1.5763,97
1.7568,662
0.9244,2
1.7324,1069
1.0642,5
1.8444,5171
1.6667,8362
1.0088,6
1.843,15
1.4455,24
2.3191,68
2.1176,5906
1.048,30
2.1624,9
1.4559,378
2.6444,13
1.0109,1418
2.5769,125
1.7611,20
1.6505,28
0.7193,26
0.9059,73
3.7273,2
1.1512,66
3.3902,2
2.5286,24
1.6381,9
1.2406,16
1.2336,22
1.4766,1054
2.4462,13
1.8431,175
0.7477,12
3.6774,3
2.5333,48
2.4894,18
2.1692,394
3.234,5
1.1485,7
2.7447,6
0.6478,52
0.7667,107
0.98,36
1.7612,608
1.0732,37
1.54,4685
1.3675,8
1.2569,4
2.4348,118
5.9474,4
1.8594,1341
0.8257,11
0.844,2
2.099,5
0.7339,78
1.0806,229
1.0485,16
1.3535,52
1.0984,138
2.6531,6
1.175,53
1.0784,23
1.4464,39
2.1358,173
2.8254,3
2.0588,1136
5.0741,2
0.6753,22
1.0482,11
2.0476,677
5.3,1
2.2468,34
2.4035,530
3.3611,4
0.8725,9
0.9917,30
1.7123,740
1.2532,86
0.9683,118
1.3465,33
0.7481,21
1.1732,24
1.5726,2
0.6316,28674
1.1696,3
1.0645,1487
0.7006,1
1.0916,8
1.5564,7
0.8603,10
1.9787,167
1.1043,8
2.6379,12
2.4364,59
1.0342,6
1.3839,6
1.872,3
1.3836,2056
1.7614,243
1.1417,14
1.7447,166
1.4783,675
1.2371,56
0.9865,112
0.9205,99
1.622,237
12.5,3
1.7526,53
1.268,49
1.2525,29
1.3964,7
1.4621,5
1.0404,21
0.6212,4955
3.2051,11
1.0735,55
2.2025,25
1.384,6
1.3853,19
2.1889,10
3.3939,3
2.5593,18
2.3158,209
1.0971,9
0.6016,13
1.8721,104
1.9865,369
4.96,2
0.9714,162
0.9054,41
0.9219,64
1.5728,20
2.4524,54
2.1695,3129
1.4878,249
1.2933,182
0.8783,85
3.4884,9
0.9157,11
2.4103,19
1.2313,3
2.4655,39
2.661,21
1.3803,135
1.2078,51
2.0656,16581
1.2697,138
0.8197,16
1.0972,121
0.5735,4
1.5891,19
2.4186,86
1.1475,102
0.8938,21
0.9528,17
2.7879,6
0.5111,2
2.5667,23
1.7941,2551
1.6835,315
1.557,251
1.5729,89
2.6842,25
1.4576,61
1.8256,245
0.8276,28
1.3804,289
0.89,7
1.4458,275
5.3043,6
1.1135,3
0.6617,2
1.9556,202
1.3448,278
0.8469,87
2.5192,16
1.2079,11
1.0973,11
1.9867,128
3.3,9
4.1471,1
1.3023,339
1.4634,436
0.8788,388
0.9412,205
2.9474,20
1.0154,742
1.9048,1430
0.9158,30
1.1091,54
1.6038,41
1.3967,28
0.5263,26
1.8649,996
0.7727,307
1.1136,61
1.4911,11
0.9326,81
1.6055,11
1.4949,36
3.325,4
1.2991,18
1.9868,221
2.0213,20979
2.0698,130
1.854,67
0.7333,29
1.9211,260
3.4595,5
1.8105,74
1.1261,18
2.5938,11
1.0155,10
1.1918,82
0.8636,59
0.9851,84
2.2603,35
1.3361,38
1.6218,9
1.3968,129
1.4796,90
3.1373,271
1.4912,35
1.8222,190
1.7722,252
1.2364,81
1.2243,21
1.8268,7
1.7162,2571
2.2931,474
1.8818,3
0.9016,12
1.8106,8
2.5094,54
1.7,3738
2.0404,185
1.2742,170
1.3025,22
0.9774,2
1.7944,235
2.1212,851
1.1262,6
2.1528,97
0.8485,17
0.72,212
1.5075,6923
0.9685,50
2.8364,5
1.11,12
2.1204,7
1.1138,7
1.6019,29
2.1368,61
1.0615,87
1.0545,81
1.379,54
1.9375,3083
2.9024,26
1.0319,40
2.0115,63
1.9213,149
0.8807,21
1.5238,718
2.9677,3
0.7887,2
1.1263,57
1.2407,76
1.3026,91
1.6897,568
1.6182,70
1.5076,2
2.8861,9
1.1101,16
1.2245,36
0.7253,4
0.9549,12
1.6905,4240
1.1139,22
1.4253,381
1.0985,17
1.6058,40
0.7297,22
1.5508,2
1.26,61
2.3803,16
3.3256,3
2.5306,51
1.0313,1201
1.2118,134
1.8934,12
1.7164,457
4.1,2
1.0408,60
2.4068,74
2.1856,10
1.7451,97
2.4651,28
2.3261,158
1.237,7
0.9143,288
1.6591,243
1.1264,88
1.8433,5
1.5957,171
1.2208,90
1.0256,79
1.5345,56
0.9398,20
1.469,11
2.3125,94
3.5833,1
1.8271,2
1.8039,299
1.319,4
0.8306,5
4.8519,14
3.8065,2
1.7285,33
1.8136,352
1.4941,210
1.2533,99
2.9189,4
1.7209,188
2.1858,7
2.3418,18
1.1429,454
1.6346,74
2.95,1
1.4189,493
1.729,52
2.0297,31
2.0157,147
1.6184,447
1.7328,4
2.0738,8
0.3248,3
1.2247,125
2.1359,6
1.5565,29
0.9836,39
1.2209,155
0.7407,393
0.9247,46
1.0959,92
2.4898,53
1.6509,17
0.4848,145
1.8272,182
1.4297,3
0.9913,4
1.0889,179
1.1527,3
0.8625,52
1.0822,117
1.9646,7
1.3452,156
1.8559,2
2.48,53
1.7453,78
1.4248,18
5.5,8
0.7007,1
2.3443,30
2.0917,6
1.1266,29
0.8702,1
0.9756,27
1.9541,2
1.8435,4
1.3205,208
2.1585,25
2.1831,93
0.8504,2
1.8273,6
5.3333,3
2.871,5
0.7846,127
1.4298,33
1.5657,74
1.1591,3128
0.8741,1
1.0488,35
2.6905,2
0.787,3
1.2958,71
3.3947,2
1.3679,28
1.4622,13
1.8828,8
1.0323,323
1.6212,468
2.0339,538
1.596,86
1.6348,19
1.4623,31
1.2373,54
0.878,47
2.3455,122
1.5566,28
1.5943,20
2.8793,7
0.9221,47
2.0824,81
1.0648,7
0.9605,34
6.381,9
2.2188,221
1.8144,89
1.938,3
2.7209,13
0.957,46
1.473,406
1.9022,169
0.6536,4
1.2368,122
2.85,56
1.0781,163
2.055,8
1.2597,95
1.8561,4
2.3485,13
0.6709,1
1.3371,224
1.0649,57
1.2126,41
1.5568,195
2.022,101
1.83,265
4.0645,7
1.4462,168
0.8829,45
1.3235,106
1.3805,24
1.0619,25
1.1593,2
3.1333,16
0.8169,40
1.5053,88
1.1233,130
1.6512,3025
2.4795,7
1.2537,46
2.4643,23
1.9706,1237
3.2619,1
1.7456,4
2.1379,946
1.4625,228
0.6944,28
2.2881,9053
2.0241,247
2.925,7
2.1146,37
1.6837,36
1.7327,92
2.5424,28
1.1756,3
1.065,19
1.6082,73
0.8678,5
0.9268,28
2.2192,15
1.9878,116
1.7619,1015
2.8857,6
1.2538,15
0.956,24
1.5376,163
1.4681,277
0.7647,10
2.7885,2
1.3644,32
1.0411,101
1.1919,27
1.9669,121
1.0813,24
2.2763,40
1.6838,2
1.4588,307
1.8537,1853
1.6545,95
1.1757,67
2.6027,28
2.3387,35
0.8049,5
1.6579,1597
2.9773,1
2.7561,4
1.7128,118
2.473,2
1.954,119
0.8506,24
2.7381,7
0.8492,6
2.1028,7
0.9638,4
1.5857,595
2.2373,318
1.0976,26
1.4157,22722
1.9208,10
1.3645,9
1.967,199
2.088,5
1.4797,9
1.9508,1253
1.0543,142
1.5699,182
0.955,5
1.5733,888
1.1735,32
1.0652,93
0.7532,8
0.9635,6
0.6398,1481
1.4554,67
4.2188,2
1.8889,2740
1.4914,20
1.3837,1679
2.662,3
1.9833,877
1.0563,170
1.8727,315
1.602,37
1.7471,715
1.3435,5
0.8376,6
0.8966,12
1.7067,794
0.875,229
1.0777,9
1.5641,407
1.9052,10
1.1647,81
1.0952,191
1.7946,2
1.3971,153
1.68,3163
2.1912,117
1.1855,12
1.1102,27
2.2319,92
2.1493,1367
2.6327,15
2.62,12
0.9632,2
1.094,6
0.9677,131
1.5859,75
0.8167,19
0.76,37
0.8815,2
1.5897,413
2.1356,15824
2.0265,3
2.3276,3269
0.9091,185
1.3028,7
2.5614,16
1.0095,24
1.1275,13
2.1549,81
2.4789,19
1.3972,3
1.3854,230
1.6022,126
2.0744,3
3.6786,4
0.7255,4
2.4355,10
2.234,411
2.043,15041
2.1077,1799
1.0941,50
0.7957,9
0.8039,5
0.8544,8
1.5795,193
1.8115,5
1.4135,41
1.8219,1926
0.9776,1
1.1923,140
2.8154,3
2.2418,5
1.7559,12
0.8621,29
1.6598,40
1.5248,28
2.5636,1
12.3333,3
1.5079,160
1.2047,24
0.9407,13
1.5124,4
1.6023,141
2.1111,17064
0.8875,16
1.4917,13
1.9217,4
1.6967,8
1.9701,831
0.6098,4
1.303,134
0.8548,24
0.9138,6
1.1197,4
1.5242,7
1.7292,9216
1.4154,126
1.6186,96
1.8652,2985
1.184,50
1.5403,5
1.9609,4
1.3974,227
1.0116,14
1.1296,50
1.2881,63
1.6024,174
3.2195,7
1.7982,57
1.713,38
2.1897,1443
2.1132,267
1.4299,23
1.2049,8
1.3193,33
2.0893,766
1.6349,514
3.5152,3
1.7865,208
2.2159,2
0.6522,159
2.0882,1163
4.675,3
0.991,2
1.7293,3
1.3564,14
1.7869,718
2.3793,34
2.6038,7
1.9381,133
2.0532,4
1.7131,26
3.0435,1
0.6846,1
1.3194,57
0.9789,2222
1.9219,2165
3.1778,2
2.6909,4
1.8919,853
2.3846,139
0.6765,14
2.2444,230
1.0325,18
1.2375,100
1.1269,2
0.8871,19
1.9512,218
1.0163,20
2.3594,16
1.2213,13
3.2973,2
0.5652,2
1.7541,556
1.5067,531
2.6939,9
1.4463,9
3.7073,5
0.8281,7
1.4935,274
2.56,81
1.5407,3
1.5798,24
1.4301,192
3.7368,1
1.0326,165
0.8854,6
2.3049,44
1.9464,669
1.5638,82
1.127,124
2.873,11
1.3178,45
2.2958,4
1.3482,6
5.5652,1
3.1087,2
2.5968,14
4.7273,2
1.6129,774
0.872,5
1.046,58
3.5806,1
1.4426,100
1.2667,338
2.8475,6
1.6341,219
1.2214,7
2.2813,35
1.9383,132
1.5408,52
1.9765,273
2.5085,7
0.74,22
0.8283,7
1.837,251
1.9221,199
1.6514,31
0.8172,7
2.5942,7
1.7458,313
1.5342,324
0.9854,1
0.7944,20
2.0206,3
1.2377,8
1.2588,126
1.1573,287
0.8897,1
0.9469,1
2.4783,107
2.8182,9
2.4133,11
1.7658,15
1.9099,12
1.7966,526
0.6941,14
1.5571,423
1.9346,6
3.2439,4
1.049,11
1.3838,43
2.0106,490
1.3646,124
1.8305,445
1.254,134
0.9518,23
1.5844,280
1.6353,115
2.6296,18
2.3465,6
2.1345,20
0.9703,39
0.9043,27
1.459,154
2.5972,2
0.6929,7
2.4247,13
1.0597,57
3.2979,2
1.2703,118
1.6731,61
1.2286,106
1.8143,3536
2.7241,14
0.6601,9
0.9596,64
2.0127,656
2.0612,863
1.3647,196
1.2541,20
1.5735,415
1.3485,109
0.8385,16
4.5161,2
4.3929,3
1.4776,361
0.8267,32
1.4231,363
1.1882,83
0.8462,4974
3.1667,9
3.2286,1
2.9455,7
10.3333,4
1.3304,61
1.1359,27
2.4412,8
1.5479,370
1.7623,2
3.425,1
1.4754,108
0.7073,34
1.6635,26
1.2542,64
2.3898,62
1.5846,342
1.8133,791
0.7564,2
0.7347,146
1.0779,68
3.04,2
1.7638,27
0.7483,1
2.5357,42
2.0238,178
0.6901,22
0.6866,5
1.8211,50
1.5536,55
0.8036,2
1.2705,7
2.6032,8
3.45,1
1.2626,509
0.8028,4
12.2727,1
0.6508,29561
1.7377,492
1.1682,30
3.5769,7
0.9766,86
1.8289,759
2.009,3
1.3649,837
2.1183,14
0.8072,3
1.9674,329
2.0169,682
2.1279,36
0.5658,8
1.4593,10
3.0714,3
2.7895,14
1.5537,4
2.5246,4
1.1724,793
0.925,21
0.984,17
1.7787,12
2.0615,1143
0.6588,3
1.0943,17
1.6176,459
1.8731,10
1.7625,358
1.27,44
1.013,296
0.604,2
1.4679,47
1.5574,303
2.4565,30
2.38,62
1.6806,551
1.3089,14
0.8037,2
1.2869,20
1.4833,88
0.9829,8
2.6491,10
1.0682,129
0.9099,32
0.8618,14
1.4919,9
2.4342,6
1.8367,89
1.4787,87
1.1148,193
1.9828,509
1.7935,332
1.4757,23
1.8421,1266
1.6807,5
1.0101,19
1.7951,9
2.5211,18
1.2195,79
0.4969,5
4.2045,3
2.9787,10
1.3976,192
1.6026,661
4.2222,10
1.775,12282
0.9538,98
1.0945,26
1.1023,88
1.2125,48
1.2708,106
2.0081,47
2.3393,114
1.4758,33
2.0275,3
1.172,108
1.9109,3
1.8971,2092
1.8901,101
1.2427,26
3.0732,3
0.8672,1
1.9851,903
1.3033,10
1.0783,11
2.0714,954
1.7952,144
1.3977,276
2.0857,287
2.1967,821
2.3571,321
2.4375,84
1.1963,47
1.063,22
3.5122,18
2.1647,43
0.8591,3
2.0569,33
2.087,3985
1.0534,3
3.3889,6
0.7547,36
0.8762,8
2.3077,391
0.9907,15
1.8077,1114
1.1092,15
1.5865,19
1.189,14
2.7903,14
1.9059,138
1.2419,197
0.8734,45
1.7953,4
0.6838,32
2.1333,5666
2.0648,13
1.2872,65
0.678,95
2.8209,6
1.619,947
2.2128,192
2.5738,11
0.8148,14
0.686,3
0.8835,4
0.771,1
1.4922,8
1.0947,117
3.5484,1
1.9841,1779
0.8021,6252
0.8611,51
0.8033,2
0.8632,94
0.8812,2
1.9184,233
1.9222,384
2.4921,37
1.4141,148
1.7117,2589
1.8514,1522
1.906,5
0.8851,92
3.6429,3
1.8833,493
5.5833,3
1.3643,3
0.8495,11
2.3409,23
1.1477,160
1.6029,492
1.4304,157
1.2054,13
1.6986,697
1.0948,14
1.5161,403
1.9223,9
0.971,50
2.575,12
1.802,56
0.732,4
1.9023,11
1.1709,11
0.7792,421
2.1474,5
1.869,124
2.092,146
1.0167,49
1.569,77
1.4648,351
1.9658,3
1.5086,17
2.3438,49
2.0381,5
2.2655,4
0.6378,5
5.4545,3
1.9143,726
0.8969,3
1.2817,60
1.9348,83
2.1646,38
2.975,8
1.4267,203
1.9186,158
3.6757,13
1.808,8
0.9559,120
1.9846,594
1.0263,83
1.4105,107
0.8389,2
1.6355,10
1.5414,6
1.7403,388
1.9024,146
1.4143,400
2.1802,13
2.0941,44
0.9515,8
0.8279,178
2.2745,93
2.086,12
2.3208,98
2.2821,96
1.8243,844
2.2051,99
0.9266,36
0.7568,11
1.5412,203
0.8304,8
1.3162,9
1.9187,2
2.0732,157
1.5686,223
1.6356,5
0.7874,1
2.0391,11
0.7701,7
1.525,229
0.8158,15
1.9406,13
1.3711,124
0.8346,21
0.7093,27
1.2381,177
1.9189,3791
1.8406,1747
2.8485,8
1.6194,9
2.5962,76
2.1447,40
1.935,91
0.6545,100
2.629,18
1.9579,175
1.3163,60
1.7692,2051
1.7895,1653
0.8168,11
0.929,1
1.5375,308
0.6792,3151
0.9882,21
1.5413,40
0.7209,56
2.8657,12
1.3049,83
7.4211,1
1.6357,2
0.6993,2
2.3768,15
1.9104,5872
1.7159,323
3.3235,8
1.6195,11
2.3692,29
1.5667,317
1.8214,420
1.1563,277
1.0265,8
1.4471,360
1.3913,858
2.0843,310
1.0373,8
1.9351,180
0.8509,10
1.6477,197
2.1919,4
4.8889,2
0.7403,3
1.008,40
1.1439,24
1.408,20
0.9583,374
0.9141,13
0.8481,69
0.7875,5
2.1864,1175
1.3701,2
1.1277,49
1.748,59
1.4255,124
2.8194,2
1.062,17
1.3802,5
1.8732,2399
1.5783,131
1.475,465
0.8931,4
1.0458,5
0.9925,12
1.9733,109
1.5963,5
2.2879,66
2.1489,501
3.1351,10
1.7627,401
2.402,2
1.5377,17
1.8468,16
1.1402,11
1.0111,171
0.5373,9
1.0296,3
4.2558,11
1.8571,3680
0.9615,271
0.8955,40
2.1167,6715
1.0381,11
1.8409,291
1.5702,38
1.1727,18
0.6913,4
1.225,111
1.2805,89
0.8537,16
0.2236,77
1.9515,9
2.1948,164
1.1565,8
1.2268,73
2.2421,3
1.0459,10
0.9778,110
1.6484,174
0.9063,69
2.04,373
2.026,252
3.2258,6
1.6522,804
0.9535,48
1.7466,2
3.0698,1
1.8051,25
2.2167,623
5.913,52
0.5714,8128
0.8804,511
1.5703,11
0.9278,52
1.7734,5
1.4597,22
0.8615,16
1.3491,6
1.7111,212
1.1149,58
0.9697,160
1.4435,99
1.7573,69
1.7753,486
2.8772,7
1.8515,50
2.7179,7
1.2672,28
1.3816,383
2.7255,5
1.1566,54
2.2429,180
3.4186,4
2.9796,2
2.1531,39
3.8108,2
1.3654,36
2.8448,8
1.7467,733
1.3607,63
3.7667,1
0.6512,3
0.9938,4
0.9903,26
3.3243,6
0.7467,9
1.8529,7090
1.2835,17
2.2462,68
1.9296,2532
0.8207,2
1.9146,129
1.7826,1193
1.3817,6
1.1567,4
1.8736,183
1.5299,21
1.763,16
0.9531,112
1.9051,7
2.439,43
2.6552,8
0.4156,2
2.5385,66
1.5867,497
1.819,169
2.5,779
0.9787,291
0.9127,18
3.0541,4
1.3942,24
1.8861,98
2.2464,52
0.5606,2
1.8899,4
1.5443,261
1.6344,151
1.2658,103
1.4924,5
2.6947,4
1.6974,396
1.7593,6480
1.8737,71
1.4762,450
0.763,3
1.0787,100
2.9429,2
0.877,2
2.2338,25
1.5196,44
0.4688,5
0.8102,1
2.413,23
5.2381,2
2.4059,2
0.9011,55
0.7101,35
1.0621,59
1.1731,39
0.9699,9
3.4516,2
2.1786,760
1.87,43
5.44,2
1.9844,6164
0.7011,137
1.1667,740
1.5972,371
0.9065,4
1.2056,32
1.2577,58
2.2442,6
2.6618,4
1.093,64
1.3,3330
1.1894,5
2.0484,5611
2.6087,12
1.0708,7
1.015,2
2.5918,112
1.3798,3
1.3944,210
1.8879,12
2.2097,1473
1.5231,482
0.6115,2
1.5155,38
3.1316,7
1.7757,6453
4.7143,4
0.886,49
1.5088,45
1.699,11
0.7159,5
1.8734,116
0.8029,1
3.6111,8
1.5309,220
1.6032,2040
0.8265,4
1.3782,9
0.9894,410
1.0233,42
1.8082,804
3.5588,2
0.8737,19
1.587,167
1.9672,963
2.0099,189
0.9209,1
1.7262,167
1.4107,5404
1.0132,121
2.0505,110
2.2794,32
1.7615,225
1.3945,8
1.5089,10
1.8864,4952
1.7126,170
1.859,378
1.6033,30
0.97,8
0.9924,39
1.9813,150
1.3566,2
0.913,76
0.5172,3
2.7544,12
2.8163,4
1.8083,3
1.8493,903
2.4416,8
2.3651,53
1.6977,151
1.0133,85
0.6197,2
0.6769,2
0.8587,11
0.7714,4
6.1667,2
1.0714,268
0.9808,35
1.89,209
2.4754,40
0.9674,51
2.6277,3
1.6406,894
1.3413,23
0.7753,7
0.8819,10
1.4271,523
0.7273,5439
1.9832,4
1.5761,189
1.6778,369
2.241,27
3.0377,9
1.4302,247
1.8816,1530
1.1983,2
2.7222,13
1.4109,2
2.3968,19
1.1061,88
1.1278,20
1.7303,261
1.7922,512
1.6197,421
1.2222,684
0.9032,47
1.5543,109
2.8491,7
0.8767,138
0.6832,6
1.6447,621
1.914,94
1.8247,51
1.7959,56
1.3514,373
1.0297,10
2.0217,255
1.4024,336
2.6964,11
1.6979,112
0.7304,24
1.1279,76
2.3833,58
2.0568,224
1.5054,175
1.64,605
0.7795,3
1.6839,4
1.1324,73
1.2385,10
1.616,5
1.7304,3
3.1324,3
1.4603,148
0.9506,38
0.8553,4
1.1319,101
3.55,2
1.5379,12
0.7556,337
1.8353,125
1.4273,11
1.2027,46
1.3167,183
2.1316,63
1.2061,6
1.0157,28
1.6337,39
0.8739,8
2.9762,5
0.9286,151
1.5306,61
1.4683,19
2.8333,49
2.6607,2
1.1242,2
2.1979,8
1.3191,98
2.0222,290
1.128,13
2.54,37
1.0575,57
0.7386,4
1.7143,11928
2.2405,9
0.623,996
3.7714,5
1.6486,506
1.4953,20
0.9159,8
1.4962,14
1.3168,20
3.4483,1
1.8605,209
1.541,177
1.4904,20
1.7468,252
2.2561,73
0.843,15
1.4087,6
0.9861,61
0.9455,16
0.5743,3
2.075,195
2.186,159
2.1467,38
1.0865,13
2.2212,2
0.99,10
1.0815,1
1.825,277
5.08,4
0.9239,39
1.4275,13
2.0734,51
1.0593,18
1.7889,115
0.9846,164
1.6863,57
0.8689,9
1.8447,2544
1.3303,13
1.4483,5560
1.6325,7
1.9759,111
1.9519,139
1.7241,729
3.2093,1
2.7021,85
1.1652,6
4.6667,498
0.3789,134
1.7705,603
2.0254,17
1.0625,323
1.9494,175
1.1569,13
1.0463,3
1.8814,601
0.7838,56
0.9053,25
2.9149,7
1.1165,29
1.7432,850
1.8504,6
0.8431,2
1.4247,226
1.3495,62
1.2376,23
1.9806,27
2.1961,206
1.4444,1176
1.7308,1687
1.3118,148
2.0875,146
1.735,11
1.5545,32
2.2667,1219
2.0652,10626
1.8783,13
1.157,8
2.2135,5
1.3333,5994
0.6053,2
1.9358,114
1.7647,1922
1.3196,82
2.2556,11
2.3654,138
4.2759,2
0.5972,8
1.7595,289
0.8312,13
0.8902,17
1.5506,237
1.1408,69
1.9683,2327
1.3458,15
1.5532,141
1.4602,14
2.5625,56
1.0824,35
1.8254,869
1.4636,11
1.9159,14
0.7179,18
1.8415,322
3.2632,7
0.6267,2
1.2785,62
2.9545,4
2.2688,18
2.4423,102
3.2308,4
1.2677,15
1.7596,63
1.3469,52
0.7594,2
1.3621,153
0.8806,18
2.9153,4
1.3788,109
2.8852,3
1.9684,182
1.7434,20
0.8161,9
2.1149,67
5.05,2
0.9508,12
0.7702,5
0.6458,54
1.5522,440
1.1702,94
2.2472,34
3.7353,3
1.7759,250
0.7981,6
1.4557,218
1.5547,10
0.7047,13
1.7597,11
1.46,60
2.3194,73
0.45,4
1.3784,767
3.641,1
0.7632,10
1.3622,18
1.1897,61
4.0968,2
0.9885,35
0.9225,12
6.8571,1
1.9053,149
1.1895,92
3.4848,1
8.4286,4
1.7326,137
1.9595,212
1.39,30
2.023,261
1.3506,118
1.8866,146
0.9067,30
1.2679,48
2.134,3
1.4729,9
2.0408,427
1.5873,520
0.9109,11
1.4767,276
1.6709,214
1.8774,3
2.4091,60
2.068,20
2.7843,3
2.8462,13
5.0385,4
0.9074,21
3.6071,2
1.0792,23
1.6207,313
1.8113,879
1.7412,234
2.4688,17
1.4918,138
1.9848,689
2.1781,393
1.4085,476
3.1,23
1.453,4
2.8788,3
1.0946,89
2.3019,158
1.9811,156
2.0367,9
2.0111,247
4.6957,2
0.8333,243
0.8375,96
1.6818,749
0.8105,316
2.88,8
0.8042,3
0.8923,32
7.2667,1
1.6491,130
1.903,69
0.9077,57
1.7119,884
0.7789,2
1.2843,19
1.8909,206
2.2478,9
2.2706,2
1.6421,107
2.0897,106
2.449,25
1.0918,31
3.3214,2
0.8491,9
1.6981,152
0.7203,1
1.5875,511
2.0574,4
2.534,2
2.084,2
2.2632,428
0.8182,104
1.8087,20
2.494,3
1.2623,109
1.4112,24
1.2875,114
0.9155,30
1.19,14
0.6561,16
1.6316,756
0.6897,1039
1.3115,142
1.2439,180
0.6292,4
1.3626,166
2.3378,9
0.8268,5
1.1081,91
0.6694,6
0.7162,9
1.4519,20
1.6,6242
2.4043,29
2.0778,129
1.4894,105
2.5342,9
2.0842,14
1.5254,69
1.0957,72
1.4113,32
1.9835,137
1.9032,981
4.3636,8
0.8031,667
1.2097,141
4.2903,1
1.811,7
1.2845,10
1.6455,11
5.5238,1
3.5946,1
5.3077,1
1.2188,178
2.9118,15
1.9012,126
1.03,27
2.2237,32
2.338,9
2.1846,400
2.3924,86
0.6071,12
1.5914,238
1.5877,4
2.3056,27
1.7253,164
2.0225,236
3.5106,5
1.1653,15
1.9195,254
2.9444,1
7.3333,4
1.3008,7
0.663,16
0.972,6
3.1951,7
0.7778,59
1.1917,36
2.2235,156
2.1129,571
1.1083,11
0.6629,2
2.1494,107
2.5946,16
2.0674,78
1.7011,749
1.1932,74
1.746,654
2.117,20
0.8608,11
1.8448,324
1.2295,134
0.9375,102
2.4107,734
1.3171,175
2.0227,147
1.0921,39
0.9847,8
2.4085,18
2.082,4963
3.6176,5
0.9294,10
1.6984,689
0.8022,14
1.3009,6
1.759,228
1.8298,75
1.6327,172
2.0513,532
4.4,20
4.8095,1
1.2474,59
0.8354,10
0.7069,22
0.6849,14
1.6165,3
1.1084,11
1.7167,399
2.1444,7
2.7121,2
1.3478,358
1.7158,79
0.6835,20
4.5862,1
0.8763,7
3.4815,2
2.4231,248
0.935,3
1.6782,177
0.9386,1
1.9831,1133
2.3966,61
1.5437,31
0.4909,49
1.5222,168
1.6458,158
2.4605,6
3.9286,31
1.8416,56
1.186,9380
0.8351,3
1.1085,15
0.9453,13
1.8378,1052
3.8667,4
1.6211,461
1.3297,129
1.3516,217
0.9929,3
1.9438,510
1.936,7
1.0676,75
1.4356,51
1.34,33
1.4714,319
1.8092,3
2.4127,72
2.0862,517
1.0141,90
1.8938,4
1.6329,212
2.15,420
0.9802,22
1.8842,38
1.7273,6077
1.8417,3
1.6167,296
0.9302,38
0.9892,310
2.0851,94
1.8217,7
1.2719,18
2.52,120
2.2769,47
1.4124,56
1.7179,735
3.303,6
3.8919,11
1.1826,5
1.7436,850
2.6545,5
2.0759,71
1.5224,29746
2.625,99
2.2273,117
2.6508,2
0.9466,27
1.812,16
1.9326,93
1.8651,5
2.0879,17279
2.3714,22
1.838,7
2.3012,74
1.9524,1935
4.3846,2
1.3299,107
0.7241,20
1.1574,13
2.2152,22
1.8218,283
1.6493,6
3.2609,2
3.0278,3
2.9778,3
2.5435,16
0.9315,39
1.0306,11
2.1918,167
1.6322,561
1.8539,354
0.6446,4
3.7647,4
1.9054,1259
1.5258,38
1.3462,338
2.3544,5
2.3404,43
1.0631,12
1.8381,4
0.9621,35
3.7778,8
0.7708,32
0.6918,2
1.5922,52
1.3694,4
1.0469,198
1.4118,585
1.9333,1195
0.9,503
0.959,13
2.2078,16
1.2681,12
0.966,1
1.4252,22
1.76,706
1.2326,228
1.975,23281
1.102,33
1.1575,18
1.7438,103
2.5408,4
1.8382,1952
1.6154,1887
1.0206,42
2.4815,69
2.03,145
2.0192,240
1.4407,74
0.9223,25
1.8171,169
0.5484,2
0.6349,107
1.1857,50
1.6495,156
1.2593,317
3.0976,2
1.7439,463
1.4732,17
0.6981,10
1.6049,337
1.7544,358
1.1273,107
1.1935,351
1.8545,377
2.6757,15
1.5714,4197
1.0595,11
2.5313,12
2.0194,9
1.0633,23
2.4211,44
2.0946,198
0.8025,12
1.7677,53
0.6711,10
1.0471,58
3.8788,9
1.2683,339
0.9603,21
0.9323,16
1.4257,30
2.2985,47
1.9652,6
2.7069,49
1.0796,1
3.0682,7
1.4571,8978
1.1596,89
2.3607,108
1.3867,267
1.839,3
1.6821,7
1.2846,17
3.16,28
1.8871,935
1.4896,104
2.0342,100
2.194,99
0.6591,14
0.8547,5
0.8527,29
1.7603,2
1.3628,13
2.5965,10
1.809,232
0.9762,62
1.5114,413
1.584,6
0.9191,3
1.3263,2680
1.7928,7
1.5678,3
1.8169,1470
2.1753,102
0.9859,84
1.8933,5171
0.6143,6
1.0917,14
1.2685,9
0.8026,6
1.7091,83
3.6053,2
42.6667,2
0.9646,4
2.2692,114
1.6947,118
1.4522,6
1.537,84
1.7604,100
1.2212,24
1.2794,72
0.8361,17
1.3562,131
1.3492,75
1.5679,248
0.8448,21
2.0323,25060
2.5567,4
0.6567,8
3.4167,3
1.4198,302
2.2533,81
2.1774,25508
2.6912,3
1.1742,16
2.0506,82
1.4898,81
1.2435,6
1.0186,6
1.9817,9
1.944,3
1.9901,150
1.8785,6
0.887,92
2.5893,33
2.0189,212
1.9859,1270
1.6948,9
1.5842,20
2.7857,13
0.8605,11
1.3011,137
1.5135,472
1.8815,184
1.9259,210
1.1905,271
1.6786,454
1.8729,2
2.5345,41
0.8661,5
1.6824,257
1.1705,157
2.2119,5
4.1875,1
0.6182,65
3.1957,11
1.7768,25
2.617,20
1.3983,10
0.3292,112
2.1795,35
1.8387,1584
1.7822,55
1.3858,17
1.3136,9
1.203,15
1.0924,17
0.9346,3
0.9344,18
0.6809,279
1.1868,100
1.064,12
0.6755,1
1.0762,14
2.4407,118
1.1471,137
2.4333,21
9.8,4
2.274,47
1.7333,1280
1.7263,121
1.0143,45
0.6121,9
1.6168,10
1.266,84
1.1087,131
3.8966,3
1.8875,278
2.0706,123
2.0566,613
0.7871,2
1.3729,49
2.5897,14
1.3175,78
1.8056,638
3.5116,8
0.9818,216
0.9783,56
1.5225,16
1.2975,3
1.1925,473
1.1869,6
3.7576,3
1.5682,236
0.5793,2
1.8281,1016
1.2586,28
1.125,551
1.6053,440
1.8961,390
2.913,9
1.701,51
3.6061,2
2.5102,26
2.1837,417
1.0926,9
1.6711,677
1.5181,3281
1.6951,253
1.2976,119
1.1463,46
2.284,8
1.2818,3
4.1724,1
0.8417,136
0.8382,8
2.2063,109
2.3718,12
1.6809,173
2.2125,19
1.0145,52
1.4742,67
1.617,102
2.3621,1269
1.6104,302
1.7284,346
1.3958,145
1.1089,18
2.3469,65
2.697,6
2.5854,10
3.3556,7
1.0299,62
1.3301,33
2.3394,4
0.6338,3
0.6514,13
1.822,11
2.0123,41
2.1233,122
0.9297,14
2.5652,55
3.2647,6
2.0163,3
1.2033,11
1.0308,348
1.6333,757
0.985,8
1.4083,55
1.5227,293
2.2247,34
0.5752,4
2.6875,9
0.9516,49
1.904,11
2.2683,58
1.0594,18
1.2358,27
2.0813,113
1.0137,142
3.6389,4
1.3302,17
1.5802,282
1.5732,217
1.9327,13
1.4031,16
1.7115,41
1.4722,304
1.0309,37
2.3269,96
0.457,51
0.7863,3
2.1758,30
0.6757,23
1.1415,10
2.0575,67
2.21,22
4.0213,4
0.9365,38
1.1442,1
1.8384,102
1.0147,44
1.1695,46
1.6172,6
1.2197,27
1.2655,7
1.1728,20
1.6303,6
1.3625,163
1.4805,603
1.7736,113
1.4409,172
1.7429,1461
0.8396,12
1.9328,49
1.8023,174
1.0472,41
4.2857,3
6.25,1
0.2112,2
1.3563,201
1.5391,20
2.0165,6
2.065,23
1.031,26
2.9091,18
1.5229,10
2.4048,82
1.2476,56
1.0721,10
1.0148,7
1.6173,208
4.963,1
4.56,1
2.0198,6
0.8624,3
0.9839,89
2.2034,292
1.8385,5
1.6457,9
1.7279,31
1.0755,46
1.9888,96
1.4429,2256
1.1579,586
1.4651,10361
1.5354,39
1.5823,407
1.0128,65
2.0495,2
2.4561,54
1.5392,50
0.7945,6
1.0273,7
1.246,10
1.5208,134
2.5532,27
2.3974,9
2.3171,108
1.8548,1024
2.3151,13
0.8473,10
1.7442,201
1.898,187
1.6336,88
1.2361,103
2.6557,7
0.5946,9
1.7294,183
1.2519,64
0.9432,30
1.3305,12
0.8438,46
1.0598,10
2.0959,166
2.5319,27
3.225,1
0.8523,18
2.2088,6
0.661,17
3.4138,36
1.2396,135
1.6701,88
1.4022,136
2.9714,3
3.4865,43
1.363,2
1.0274,144
1.536,6
1.2568,94
1.2524,14
0.7937,13
1.458,20
0.7899,4
1.3077,429
1.2362,14
0.8947,75
1.568,13
1.4574,206
1.3468,16
0.7976,21
1.6624,2
2.1524,2
0.7037,2861
0.8027,2
1.7719,415
1.0437,5
1.3882,181
0.9052,11
2.1687,294
1.9182,43
0.989,39
1.0149,70
2.1478,10
1.8712,7
2.619,24
0.8971,29
1.9661,537
2.8478,9
1.855,5
2.5571,3
1.7444,198
2.2245,252
2.2588,116
1.06,45
0.6296,107
1.0989,127
1.9744,185
1.6625,403
1.7769,3
1.3063,20
1.3378,159
3.5161,1
2.4304,3
0.6593,67
1.9192,22579
1.8713,130
0.7065,4
1.2526,105
6.7368,1
1.2347,26
2.0109,166
1.4691,280
0.6984,2
1.0763,11
2.2289,32
1.2813,148
2.0177,2
0.9895,1091
0.986,6
0.9733,59
1.5197,8
1.9495,11
0.9134,21
1.552,5
1.1299,35
0.8581,2
1.1545,15
2.463,142
1.2689,8
2.4487,16
2.2833,1907
1.3365,40
2.4306,6
2.1475,805
0.9304,16
1.982,3
0.8972,6
1.8795,99
1.8714,598
1.187,6
2.5641,31
1.0795,46
2.027,490
2.013,211
2.6739,15
1.0351,24
1.1048,21
1.6789,55
2.3929,229
0.9343,8
1.0602,31
0.8978,2
2.6458,149
2.7059,18
0.9744,59
0.6584,863
2.0208,58
0.8795,33
1.6627,106
1.2652,17
1.1758,131
1.3796,66
1.7571,1179
1.4938,278
1.6118,168
1.4857,322
3.102,2
1.9659,411
1.6952,18
0.8209,3
1.2977,14
0.9421,5
0.7538,16
23.6,1
2.2791,61
2.2651,55
1.6848,162
1.961,393
2.4634,65
1.0603,4
1.4096,148
1.8878,116
0.7623,8
4.7037,1
1.2653,106
1.6377,365
0.8933,55
0.8582,9
1.2551,43
1.8716,2
2.8734,3
1.2034,41
2.6522,19
2.881,30
1.0928,29
1.6953,9
1.7761,868
1.1441,29
1.5205,293
3.3529,7
1.4032,143
1.3474,223
0.8088,12
1.4741,7
2.0536,408
1.9041,931
1.2059,79
2.5172,30
0.413,19
3.2708,3
1.4658,284
1.176,11
1.3922,27
1.2816,28
2.1186,1612
1.8841,434
2.3662,15
0.8254,5
4.2424,2
2.6528,9
0.8817,48
1.2973,180
1.9398,79
1.4111,431
1.9823,48
0.8173,9
3.1765,1
3.0455,5
2.4419,93
1.5584,528
1.9889,76
1.806,680
2.7174,27
1.6954,26
2.5581,3
1.4151,98
2.275,33
3.439,3
1.6792,56
2.2208,18
2.5818,16
2.1807,97
1.3252,8
0.9537,9
1.888,5
1.1597,5
1.1404,74
1.6735,114
2.0796,2
1.8016,6
0.5541,9766
0.7381,209
3.1026,3
1.9167,1722
1.8061,79
1.5849,82
0.6739,25
2.5479,10
2.75,90
1.3407,181
3.0952,5
1.7899,4
1.5192,470
1.2656,108
2.9388,16
0.649,34
3.3488,12
1.6174,3
1.3924,194
1.2823,15
2.6885,3
2.6852,11
1.8224,4
0.7907,57
0.8442,21
1.8881,5
2.5909,34
0.8404,3
0.928,22
5.1538,5
1.1064,105
0.9852,5
0.9765,15
0.848,2
2.0171,7
4.3793,6
1.5567,48
1.359,170
0.9106,13
1.3093,50
1.3368,228
1.7016,15
1.0112,62
1.0161,146
1.5517,248
1.9884,143
0.9771,11
1.79,39
1.3925,35
1.032,39
1.1094,96
2.35,78
2.0235,59
1.6296,338
1.747,215
0.9748,5
1.22,12
5.9545,1
1.425,1609
1.0698,30
1.0275,6
4.88,1
0.8989,34
0.9579,79
1.0932,18
1.7295,13
1.6957,623
1.2982,93
1.6515,545
0.7843,2
1.9123,457
1.0303,99
0.7231,1
1.6452,2559
1.7282,10
3.2041,14
1.8226,927
2.4146,15
2.0256,26077
1.712,7
1.3145,75
0.7818,4
2.0299,1048
1.2039,28
1.28,213
0.9429,59
1.5357,194
1.6794,3
1.1382,10
0.7535,1
0.8803,4
1.6301,567
1.5696,354
0.6645,55
1.6339,15
1.122,29
2.6563,10
1.0114,53
1.6111,845
2.2353,1310
2.0825,6
1.1096,99
0.64,4156
14.5,1
3.1282,1
1.0439,16
0.6269,3
1.1489,83
2.3286,14
2.6667,505
2.0902,37
1.3985,7
1.7121,753
1.1383,72
2.2389,2
0.7394,8
1.3146,127
1.3763,517
0.7973,35
0.7294,10
2.2817,13
1.1867,73
0.7313,6
0.8062,5
0.9902,68
1.2269,24
1.1259,5
2.587,21
1.7013,316
2.8158,7
0.9262,5
1.3471,5
1.1221,13
0.9444,209
3.6346,7
1.5521,88
1.4655,39
1.614,88
1.4699,231
0.5469,8
2.1688,145
1.1271,8
0.9916,8
0.5488,4
1.8228,2104
0.9339,2
1.044,74
1.2233,15
2.0923,1163
0.4138,6
3.2553,11
0.7286,6
2.9722,2
1.1226,12
1.8553,800
2.1304,240
1.4578,146
1.5512,10
1.3472,188
2.6567,10
1.1222,89
4.0313,2
0.9126,23
1.9467,226
1.6061,520
1.8391,155
1.978,114
1.8772,285
1.7465,2115
2.1084,66
3.0667,8
1.0441,37
1.6466,7
1.6064,63
2.6415,17
1.8229,87
1.1385,49
1.2529,129
1.7033,374
2.8444,27
2.8684,3
1.6304,207
0.901,11
1.8793,511
2.1098,236
1.8554,121
1.4579,16
1.2329,86
0.9259,87
1.3036,66
1.604,32
1.0345,130
0.9926,13
3.8,6
1.3402,57
1.4417,22
0.6042,13
1.0442,2
3.4474,1
2.048,127
2.7143,98
1.5361,79
0.809,5
1.1548,68
2.141,76
1.3636,759
1.1386,10
1.3981,29
1.253,94
0.8824,41
1.7411,4
0.9417,25
0.8228,2
1.7449,62
1.233,43
1.0115,33
6.5625,1
0.8117,1
1.8393,171
2.1566,40
0.8723,11
0.6905,11
1.3238,25
1.3793,503
1.1711,46
2.0833,3841
1.3761,24
1.5524,13
2.4933,5
1.3475,14
1.1549,58
1.8718,228
2.0986,173
1.8194,714
1.2824,131
0.4224,2
0.9055,14
0.9495,62
3.6364,14
1.2453,42
1.8246,320
1.7459,12
3.0702,2
2.3371,3
5.6552,2
0.6833,7442
0.9298,9
2.3279,70
1.8556,507
1.1712,14
0.6105,3
1.0606,444
1.95,1011
1.4312,6
1.5824,237
1.4811,37
1.2241,48
1.155,18
0.6024,7
1.0532,43
1.0444,148
1.3762,30
0.7083,132
1.38,861
0.6515,5
1.8681,83
1.2152,37
1.9825,400
2.1772,33
2.6632,9
2.1161,10
1.0769,675
1.8519,467
1.9663,104
0.8646,12
1.8557,71
1.5688,7
1.6056,590
0.8515,3
0.9182,15
1.1605,76
1.1875,282
0.831,25
2.7347,11
0.8012,1
2.1735,7
2.0603,7
1.7129,36
1.7738,220
1.1759,31
1.0759,15
1.7564,1489
2.1605,33
2.4318,56
1.8682,8
1.9826,2
2.8571,12
0.8284,2
2.3699,42
2.4918,26
2.2278,18
1.8145,8
1.2083,110
1.7901,269
0.8796,11
0.8986,13
3.0938,5
2.5263,73
0.6531,9328
1.4583,377
1.1714,87
2.0617,116
2.0467,6
0.7703,6
0.6025,2
0.6597,3
2.3143,12
0.84,19
1.1707,69
1.7887,2448
2.0794,405
0.9888,46
0.9612,17
1.9789,271
1.4421,102
1.0933,75
2.2623,103
2.6364,29
1.5852,5
0.8175,18
2.8125,17
2.0485,83
2.4314,70
0.8647,3
1.7353,1224
1.9008,10
1.7902,4
1.8788,3751
2.907,13
4.1333,8
1.2821,94
0.7595,1726
0.9103,47
1.8846,524
0.7442,128
1.6015,8
1.3765,196
1.1837,38
1.4909,81
1.2868,7
1.3905,31
1.5085,62
1.1034,271
4.375,1
1.1915,64
1.8065,1569
1.2984,19
2.371,20
1.9009,76
1.7903,835
0.7213,6
2.4074,39
1.6797,16
1.7222,1570
2.2065,13
1.1716,9
1.8868,140
4.2,20
2.3953,4
0.6854,127
0.7444,16
1.1059,60
3.3478,2
1.5978,172
1.4915,88
1.7122,19
1.4872,503
1.1522,201
1.9571,2079
1.2353,440
1.7283,120
1.243,26
1.696,3
2.0779,517
1.5854,181
1.5185,514
0.87,2
1.3418,96
1.91,362
2.0746,464
2.0606,582
1.9649,359
2.1087,126
1.901,1003
0.912,15
0.9692,79
1.6179,30
3.5667,1
0.9767,75
1.5979,103
5.2667,8
0.6703,17
1.6017,6
3.3793,6
2.7966,2
1.8148,212
2.9111,5
1.3148,22
1.1981,14
2.08,920
2.1392,221
0.2298,16
1.8067,20
2.0149,96903
1.4078,26
2.2069,2682
1.9011,184
0.8633,1
0.7786,7
0.9845,19
1.7248,4
3.35,1
1.6142,19
0.8258,8
1.0081,59
3.093,18
1.8611,842
1.2205,13
1.598,69
0.6552,144
0.8392,17
0.8811,19
1.6018,6
1.2043,101
0.8667,142
0.873,13
1.8624,23
1.4179,89
2.3913,31
1.028,3
1.3553,214
2.6571,14
1.1224,79
3.6333,2
2.9783,3
2.1273,301
1.4587,22
3.129,5
2.3148,296
1.6748,12
1.5037,10
1.1062,17
1.2206,73
1.7087,33
1.8231,3
0.5246,8
1.7381,214
2.3548,26
1.3947,254
1.9151,115
1.5362,255
1.315,7
1.9175,54
1.1412,34
1.2041,43
1.0127,20
2.2059,437
1.2673,30
1.2331,5
0.8758,8
0.7978,3
1.3372,209
1.4412,297
2.1294,122
2.1711,80
1.4419,411
0.9918,17
1.0816,33