width,height,pageviews
410,720,285997
1900,940,244655
380,550,140119
1350,660,154232
1260,580,193744
1260,610,177411
380,640,117075
1900,970,158464
1350,630,136363
1520,720,137956
1260,960,81394
1520,750,116960
410,620,57228
390,660,52999
1440,820,60698
1370,620,44225
1440,790,54458
1350,770,37420
360,560,38085
410,710,36546
360,630,33787
360,650,31589
360,670,29595
380,630,29712
1440,840,33377
360,610,29184
410,730,28370
410,700,27334
430,750,25574
410,760,25640
1280,720,23245
1370,650,25983
320,450,23292
410,690,22706
410,780,21767
360,620,22082
1900,880,34026
1260,720,17421
1440,730,27614
380,540,19557
1590,1200,14973
1580,760,25584
360,590,17530
1580,790,22199
1020,670,17778
380,810,13124
1900,910,23590
360,660,15092
1440,740,20233
1440,710,22375
1010,1020,11951
410,750,14370
1440,760,19729
1350,600,17586
1520,700,18043
410,770,13923
1440,720,19028
1370,670,13752
360,520,12220
380,620,12107
1260,520,19250
360,600,12073
1440,700,17060
380,560,11791
360,510,11657
360,570,11245
1260,550,18612
1440,690,15434
1350,570,14282
1900,980,15380
1440,750,14588
1350,800,15436
1520,670,15731
1350,640,12207
410,610,10390
410,740,10328
380,610,10753
1420,760,19723
1900,950,13239
1260,620,13259
1440,770,14160
360,680,9267
1660,910,12935
390,670,8815
1520,760,11523
410,680,8150
410,650,8090
390,730,8563
1350,650,9950
380,720,7663
1020,700,8244
1260,590,10085
1900,1060,11361
360,640,7501
410,790,7497
410,600,8240
380,580,6822
1420,790,12107
380,530,8146
1260,880,10037
1350,610,9025
1260,910,9641
320,490,7456
1900,920,9493
770,920,8131
1280,690,10108
1490,860,10840
1440,800,9905
1080,710,7735
1520,730,9945
1520,710,8735
410,670,6683
320,510,6778
1260,560,8941
1370,920,8038
1430,790,8696
1440,680,9462
1490,890,9266
1660,940,8716
430,740,5914
2540,1300,7978
1350,700,6622
320,440,5770
1430,820,7571
390,680,6089
1350,670,7108
1370,700,5961
320,530,5460
410,800,5276
410,900,5139
410,810,5326
1110,730,5946
390,720,5029
1900,1010,6686
1260,650,6957
1900,930,7435
1440,810,6704
1920,970,6170
1540,750,5831
380,670,4651
1260,660,6325
380,730,4665
1260,690,6527
1920,940,6090
1190,730,5352
410,830,4318
410,660,4151
360,580,4718
1280,630,5952
1520,740,5521
1900,1090,6350
380,520,4310
1280,610,5928
1900,960,5689
1280,650,5792
1020,650,5067
1280,740,5340
1280,660,5509
320,460,4185
2540,1330,5709
1430,730,5943
1900,890,6375
940,930,5988
1300,580,4316
1280,670,5566
1540,710,4524
1280,640,5290
1430,710,5679
360,700,3894
1260,600,5453
1520,790,4712
410,590,3783
1350,620,4577
1370,660,4425
1480,860,5704
1430,720,4981
410,630,3544
790,600,10267
1280,620,4506
750,710,4462
1520,660,4690
940,960,4212
1260,740,3904
1430,740,4504
1370,770,3336
1430,690,4510
320,560,3175
320,480,3021
800,600,5802
1020,640,3259
1430,700,4523
380,490,2690
380,650,3112
390,650,2946
1260,570,4317
1430,760,4551
1440,670,4230
1280,700,4005
320,570,2910
360,690,2873
750,740,3985
1320,670,3145
390,640,2651
1350,580,3520
810,980,2968
1020,660,3236
1480,890,3676
1900,900,3814
380,680,2674
1420,730,4364
1280,600,3908
1340,630,4215
320,540,2753
1420,700,4758
1320,750,3408
1430,840,3254
1280,710,4102
1270,630,4009
380,700,2444
2030,1010,4022
1440,660,3748
380,500,2509
1370,610,2900
1370,690,3077
1910,970,3764
1350,710,3373
1430,750,3901
1430,770,3638
1340,660,2954
360,710,2504
1350,750,3227
320,520,2436
1260,710,3378
1690,820,3448
770,950,2690
380,590,2171
1270,690,3521
770,910,2575
1270,720,3200
1580,730,3128
1300,610,2606
320,580,2367
1320,730,3063
1270,650,3103
1680,810,4053
1840,980,3608
710,820,2576
1680,940,2889
1200,650,3053
1580,700,3341
320,550,2149
1260,530,3200
1420,710,3318
1010,660,2546
1080,510,3686
390,700,2214
1420,690,3409
1180,710,2651
1250,590,3008
1370,640,2338
1250,560,3090
1430,680,2737
1370,910,2516
1420,740,2849
1520,780,2628
430,730,1992
1440,650,2934
1520,690,2741
980,1610,2120
1330,730,3371
1080,700,2278
1080,740,2294
420,810,1953
1920,1080,1737
1260,630,2620
430,720,1778
1500,730,4468
1080,470,3673
380,710,1891
1300,630,2229
1270,610,2796
1280,580,2733
1680,970,2319
320,590,1967
1440,780,2344
1240,550,2104
830,1010,2233
1370,710,2342
1370,630,2226
1320,760,2497
320,430,1955
390,740,1748
1420,750,2591
1280,680,2238
1420,720,2455
410,840,1773
1320,740,2318
1400,680,3504
1440,900,2024
380,600,1811
1920,930,2220
1020,620,2146
1280,590,2570
1010,630,2172
1020,770,1620
1430,800,2613
1520,820,2580
1440,640,2473
390,710,1646
710,790,2140
410,850,1694
620,570,2394
360,480,1692
1270,670,2484
1190,720,2024
1320,700,2259
660,650,1881
1320,720,2390
620,600,2113
1920,1000,2334
410,820,1630
1920,960,1856
1360,690,2116
1110,720,1908
1300,660,2005
360,720,1591
1580,800,2127
1330,640,2046
1540,720,1960
1690,850,2174
410,560,1420
1260,750,1764
1260,540,2176
1280,760,1796
660,620,1803
2110,1040,2621
1200,680,2389
1290,700,1848
1500,690,3965
1260,730,1975
1910,940,2238
1270,620,1999
1350,690,2202
1420,800,2285
1520,850,2128
1410,710,1994
1350,590,2325
1330,700,2314
1080,500,1913
1350,740,1971
2030,1040,2189
1320,710,1999
1580,770,1720
1290,670,1769
1910,1000,1993
1260,700,1886
1270,640,2068
1020,680,1537
1900,1000,1993
1080,750,1397
1410,720,1928
830,1090,1521
1270,660,1857
1270,740,1800
1410,740,1831
1270,700,1853
320,500,1342
420,800,1410
1420,680,2115
1260,760,1585
1400,730,1900
1020,1260,1575
1010,770,1123
410,550,1314
1030,1610,1058
360,540,1440
770,900,1498
940,940,1824
1410,700,1931
1420,770,1863
1310,630,1540
1180,690,1616
1440,860,1531
750,750,1704
750,720,1621
1920,980,1555
390,690,1284
1660,850,1967
1410,730,1958
1270,600,1874
1400,710,1730
1220,580,1828
1200,620,1887
1410,690,1892
320,420,1280
1260,670,1917
1440,630,1967
1180,660,1702
1390,710,1758
1730,850,2006
420,780,1252
1200,840,1629
1420,850,1627
1020,690,1715
1400,640,2229
1260,860,1713
1680,880,1572
1350,730,1564
1540,760,1560
1200,700,1660
1910,950,1778
1080,480,1716
1270,710,1720
1240,580,1393
1380,690,1769
1260,640,1841
1380,710,1811
1220,610,2002
1330,610,2138
1420,820,1571
1910,980,1865
1110,760,1295
360,550,1127
1220,600,1838
1580,740,1478
1400,740,1727
1350,720,1571
1400,690,1630
1350,810,2553
380,510,1135
1240,600,1503
1370,950,1427
1200,670,1828
1390,740,1562
1350,680,1553
940,970,1455
1410,750,1521
1490,840,1675
1790,1040,1447
1680,990,1355
1260,820,1547
1660,880,1471
1580,720,1778
1320,770,1388
1400,720,1490
2540,940,1438
1680,910,1490
1790,1010,1610
1370,720,1619
1390,730,1476
770,960,1117
1230,570,1872
1370,730,1541
1370,760,1473
1330,740,1557
1490,800,1586
1110,710,1239
390,750,1030
360,530,1068
1430,810,1214
380,690,1073
380,770,1068
1020,610,1120
1340,730,1567
1520,680,1537
1270,590,1503
1330,710,1453
1380,740,1566
1370,600,1344
1400,700,1606
390,770,974
1190,700,1405
1310,710,1312
1470,750,1314
1460,760,1661
1380,720,1335
1380,730,1424
600,800,1099
1340,670,2032
1920,910,1293
1390,760,1390
1390,720,1492
1370,740,1409
1400,770,1412
1280,730,1330
1730,880,1636
420,760,992
1200,690,1528
600,840,1088
720,790,1310
1190,760,1204
1310,740,1368
1020,630,1119
1380,660,1558
1510,710,1239
1400,760,1323
1060,1610,1255
1420,670,1573
1260,680,1377
1910,1200,828
1200,730,1327
1690,800,1813
1310,730,1399
320,400,908
1310,720,1348
1340,710,1393
1360,720,1206
1580,780,1784
2540,1240,1330
1330,720,1309
1390,690,1265
1680,890,1298
1230,600,1354
1410,760,1460
600,830,946
1340,740,1371
1360,730,1361
720,840,1021
1400,750,1331
1680,860,1352
1360,710,1307
1360,740,1344
1600,1200,765
1390,700,1375
1340,700,1295
1920,950,1184
1020,730,1045
1180,750,1078
1540,790,1111
1250,600,1434
1260,920,1368
940,920,1140
1910,910,1457
1250,570,1563
720,820,1121
1240,650,1203
1240,700,1317
1680,920,1266
1440,830,1133
1200,750,1313
1310,750,1190
1390,750,1088
1430,670,1141
1250,610,1192
1300,730,1024
1380,760,1269
1310,660,1022
1680,950,1154
800,1240,1012
1410,680,1320
1330,750,1168
1310,700,1233
1340,690,1261
1290,730,1272
1340,720,1194
1650,970,1158
1180,700,1321
1680,870,1194
1200,740,1199
1860,970,1217
1250,630,1144
1840,1010,1136
1270,750,1304
1380,700,1181
1240,670,1122
1350,760,1241
1250,710,1153
1340,750,1173
810,970,977
1370,750,1268
1800,880,1396
510,670,887
1390,770,1130
1440,850,912
1300,710,1123
1180,740,1479
1360,700,1138
1380,750,1191
1190,710,1121
1140,610,1807
1420,780,1046
1110,770,839
1380,680,1194
1390,800,1202
380,750,808
430,840,760
810,1010,839
1920,1610,767
360,460,890
1510,740,1084
1340,650,1080
1150,560,1828
1250,640,1493
1360,750,1127
1320,690,1087
1040,660,760
1200,600,1167
1370,680,1087
1200,720,1167
820,1070,883
1330,690,1173
1410,770,1115
1080,680,957
1290,740,1169
1680,840,1155
770,1020,781
1290,710,1181
1430,660,1216
1370,890,999
1290,690,1017
1330,760,1087
1080,530,1568
1400,800,1003
1200,710,1117
1300,740,1043
1080,690,886
1270,730,944
1680,850,1211
410,580,776
1240,710,1124
1250,700,1083
420,790,797
1400,670,1066
1580,750,1035
1260,1290,1006
1300,720,1101
360,470,811
1370,900,932
1250,740,1076
1580,830,1032
1340,640,893
710,840,805
600,780,899
1020,570,1100
1020,750,923
1300,700,1012
1420,660,1257
1190,520,905
1410,670,1054
2540,970,946
360,740,659
430,810,670
1200,630,957
1270,580,1133
1280,570,1082
1660,920,1005
800,1090,1093
2560,1330,1034
1240,630,988
1300,750,995
1360,760,951
1250,670,1063
1150,590,1367
1200,660,1050
530,730,810
1240,590,1049
1900,870,1063
1350,780,1060
380,760,768
760,710,883
1310,690,1051
1280,750,918
1900,1030,996
770,930,870
680,610,778
1380,770,983
770,880,839
1250,650,953
1360,680,1134
1250,730,1040
1290,640,1744
400,300,621
2540,1250,1451
1240,660,1033
1230,670,1088
420,720,707
1250,580,1103
1430,650,1046
1790,950,913
1230,700,928
1290,720,966
1330,620,987
1190,650,989
1310,670,846
1340,620,819
1400,660,1085
1230,750,1150
1250,690,975
1330,680,1004
1230,710,1117
1920,1020,833
1370,960,686
620,610,967
1260,770,826
1410,660,1282
390,840,613
1680,770,1237
1330,650,927
1660,950,957
1340,680,942
1010,490,898
1190,550,977
1250,720,861
680,920,776
1390,680,1021
1340,760,879
1450,680,915
1330,630,910
1460,790,874
1200,640,971
1870,940,1182
1360,660,830
1650,1000,980
390,760,642
1020,720,1052
1370,570,855
1190,670,969
380,740,658
1190,690,892
670,620,770
2540,1270,1042
1350,790,915
770,940,711
1250,660,786
910,930,801
320,410,617
2610,1610,982
1240,740,874
1310,760,813
1600,760,767
1110,700,801
1250,750,997
1190,740,829
1450,760,989
2610,1300,860
350,640,538
1320,680,1004
2110,1080,1661
1790,1060,676
1440,620,836
1200,760,745
1600,940,922
1370,800,979
1510,750,1128
1900,1100,811
1270,680,833
1310,650,911
1220,590,924
1220,710,913
1230,690,847
380,660,655
1360,670,842
1910,890,892
1240,640,788
1390,660,1250
760,740,739
1250,620,960
1920,890,985
770,710,768
1220,700,898
1300,690,860
1900,990,710
1190,770,726
1600,790,753
1520,770,928
1890,920,864
1900,860,949
1680,830,850
390,630,657
1290,750,851
1310,620,872
830,1000,689
1210,710,852
1240,730,980
1380,670,1013
1280,800,764
1330,660,897
1230,740,888
540,710,620
720,730,692
1310,640,772
390,780,588
620,580,779
1240,690,883
420,830,586
1420,650,925
1680,900,830
1230,720,820
1360,630,856
720,710,758
1480,800,897
1190,560,729
1240,560,864
1260,900,788
1430,780,877
770,740,678
1240,720,819
1290,680,778
1310,680,719
1230,580,851
1240,620,756
1450,710,897
800,1110,667
1020,860,524
1380,800,868
1360,770,768
1150,530,837
1150,610,1013
1290,630,762
1230,610,915
1010,460,924
320,620,618
1480,720,795
1330,600,794
1420,830,1109
1140,540,714
1220,740,869
1240,610,875
1260,940,763
1920,880,888
1190,600,767
1830,980,827
380,780,515
1400,630,743
1860,940,783
1500,670,1241
670,660,620
1220,730,734
1210,720,763
1280,960,537
780,600,659
670,330,531
1080,650,580
1080,720,625
1600,970,794
1220,680,756
1250,680,719
1380,650,800
1200,590,742
1210,700,784
1230,650,772
1230,730,750
1660,890,667
1220,750,902
1330,770,679
1790,930,824
1320,810,796
1320,800,789
1790,980,751
1220,720,744
1180,670,912
1240,680,712
1230,640,781
1260,930,778
750,700,694
1340,610,736
700,670,575
1180,730,631
1220,690,677
1260,870,735
1220,560,844
1240,570,863
1010,710,717
700,790,653
1100,590,734
1320,610,685
1020,580,609
1140,720,700
1220,660,813
1260,890,634
1230,630,756
2540,1310,645
320,600,544
1200,820,630
780,750,639
1220,670,815
1140,650,1066
1230,590,750
1370,790,626
750,730,585
1320,660,693
1300,680,729
1910,900,731
830,1040,596
1310,770,710
720,740,618
1250,760,672
1020,590,696
1290,760,690
1320,640,664
410,860,463
800,1160,533
1520,910,666
2540,1340,597
420,630,484
800,330,527
1080,730,596
1280,560,709
1320,650,614
1400,650,711
1580,710,710
1660,900,682
1670,940,671
1320,780,614
1430,640,756
1140,580,787
1340,770,705
1900,1070,800
740,740,567
1170,710,813
1790,940,626
340,580,516
2610,1330,651
1010,650,568
1230,680,634
1790,900,674
420,850,481
770,890,523
1180,640,640
1200,770,657
1210,590,657
1290,650,950
600,860,496
1140,750,672
1180,720,624
1210,680,748
1410,650,842
680,640,551
1160,730,712
1220,620,652
1430,630,709
1100,710,628
1270,570,687
1280,770,626
1330,670,773
1370,590,733
670,380,483
800,1140,487
1220,550,737
1170,650,662
1790,910,784
1910,1020,636
2540,1290,738
1110,690,591
1080,520,639
1190,660,773
1230,620,587
1910,920,876
1490,900,634
230,290,515
340,620,439
1220,650,672
1410,800,769
600,920,557
1210,740,758
1890,950,593
1920,1010,577
1210,650,747
1240,750,639
1270,760,633
940,950,618
1920,920,598
670,790,624
670,760,593
1080,670,578
1260,1320,705
1210,730,620
1160,710,662
1190,620,633
1230,660,690
1200,610,724
1300,760,607
940,910,581
1520,880,675
600,790,538
1150,550,761
1260,850,602
390,610,492
710,730,495
1230,560,628
1170,700,719
1920,900,558
1920,1200,400
1350,550,556
720,750,495
1010,640,540
1170,740,576
1190,750,574
1690,920,594
1280,550,615
2560,1360,594
410,540,409
1110,740,573
1300,640,596
1480,830,624
740,710,522
1010,600,547
1150,710,595
1210,750,606
1290,660,628
1340,600,544
1590,760,623
1680,820,616
1210,690,616
1300,650,689
1500,700,636
1130,710,677
1320,630,643
1810,920,592
1300,670,594
1390,670,557
1700,1290,613
1370,580,896
1660,860,567
1410,790,563
1660,930,525
830,1050,451
1020,1020,372
1170,730,601
700,700,516
720,760,486
1280,880,445
1900,1040,581
340,630,401
1010,730,502
1180,650,602
1220,640,594
1320,620,680
1520,800,544
1580,1060,601
2560,1300,606
1010,620,576
780,710,751
1500,740,596
1520,860,572
1690,840,661
1080,490,650
1120,730,570
1190,640,579
1310,610,519
730,740,551
1320,790,614
1360,800,588
1020,710,535
1210,560,555
720,720,528
810,1020,415
1280,1610,330
1290,620,520
1370,880,517
940,870,614
1010,680,593
1040,740,569
1200,560,636
1210,670,636
1280,910,466
1140,710,574
1170,720,584
1170,750,537
660,610,400
1220,630,572
1420,810,481
1010,500,567
1170,570,682
1180,600,717
1690,960,521
420,770,398
780,740,502
830,1080,476
1260,950,522
1160,740,478
1360,640,574
1900,840,651
740,730,464
1020,1280,394
1900,1080,525
360,500,439
790,730,447
1010,470,888
1350,840,596
1400,790,585
1210,620,673
700,820,438
1180,860,509
1290,610,545
1670,920,630
740,720,680
770,870,392
1180,610,613
1200,580,567
1240,760,583
1360,650,478
1460,700,542
2380,1170,762
1010,610,576
1020,740,480
1110,610,562
1190,680,602
730,730,527
750,690,512
1020,540,582
1300,770,579
1270,1610,316
1420,640,554
1520,650,494
1910,880,626
1130,740,534
1140,740,520
1150,720,533
1160,750,555
1250,540,532
1150,660,649
1150,740,523
1210,660,561
730,710,489
1110,680,501
1220,570,717
1400,810,412
1670,870,574
1170,620,557
1190,630,537
1290,770,573
1110,750,474
1150,730,481
1260,510,551
1300,620,606
830,990,465
1910,860,721
1910,870,543
760,730,487
790,740,529
940,900,516
1480,750,550
390,620,375
1430,900,481
1840,950,588
1090,540,674
1250,550,555
420,740,391
1150,630,617
1150,700,578
1660,870,590
2030,950,593
1140,640,509
1480,870,477
1550,900,530
1160,720,572
1520,830,524
1890,900,539
760,750,448
1140,730,533
1210,640,523
350,570,400
600,870,362
800,1190,424
1180,620,529
1180,760,449
1680,960,498
660,640,507
1150,750,505
1160,700,492
730,750,424
770,730,458
1170,660,520
1340,570,556
1270,800,485
1590,770,521
1890,930,563
420,670,358
430,930,308
740,850,494
1160,650,608
1320,880,441
710,760,422
1210,610,511
1280,840,478
1510,720,610
1600,880,549
1690,760,598
360,730,347
780,730,445
1020,800,421
1170,690,499
1720,840,499
1020,1250,462
1140,700,605
1170,590,491
1320,600,602
1390,650,490
1140,670,675
1160,690,513
1190,610,583
410,640,377
320,610,435
750,760,411
1120,710,486
1170,560,506
320,470,353
770,750,431
800,740,479
1100,750,483
710,740,377
1230,760,458
1270,770,594
1350,560,484
990,920,432
1140,680,452
1180,680,549
1280,1020,289
1600,850,962
1740,890,636
1030,730,390
1090,730,450
1100,730,459
1140,690,500
1310,590,488
1670,880,441
1380,790,512
1790,920,500
1210,600,476
1420,630,512
1670,860,558
1790,960,498
1020,600,444
1030,710,466
1250,770,462
1790,1020,410
1080,450,503
1200,570,504
1670,840,450
1120,720,477
1180,570,514
1370,810,491
1540,740,453
740,750,418
1840,920,615
2540,1280,485
1120,700,471
1120,740,487
1450,790,434
790,710,420
1020,560,429
1080,590,462
1130,730,461
1090,710,474
1100,560,655
1270,560,466
1370,930,460
1690,860,495
1810,890,441
750,660,396
770,720,451
1150,690,497
1310,600,449
1390,790,511
930,920,576
1070,740,481
1370,780,567
1670,910,540
1100,740,517
1140,490,363
1180,630,398
1290,600,517
1340,800,525
1510,700,531
320,630,400
1130,720,452
1140,660,473
1200,800,394
1390,780,525
1490,870,478
1690,830,518
1110,640,412
1360,790,476
1380,640,564
1730,840,599
1910,960,440
810,740,408
1100,640,485
1190,590,518
1480,710,491
1580,1090,401
1790,990,404
1150,640,424
1390,810,446
1410,640,472
700,730,381
1150,650,482
1260,830,507
1520,640,420
1200,810,487
1910,930,535
1100,720,408
1010,700,433
1050,730,420
1100,630,446
350,600,317
1330,800,501
1670,970,408
810,950,362
1210,630,497
700,740,397
740,700,371
1050,710,473
1130,690,465
1330,590,402
1490,880,454
1920,1060,401
1160,660,500
1170,680,502
1260,800,455
1480,840,402
1010,480,487
1200,550,490
1400,780,429
700,750,367
720,700,362
1460,730,469
1490,930,397
960,560,412
1080,620,387
1210,760,413
340,490,346
1080,1610,479
1150,670,456
1190,570,441
1220,760,480
1300,600,524
1500,860,449
1180,770,444
1230,540,777
760,690,345
1050,750,483
1370,860,444
1590,790,471
1810,980,481
410,570,290
760,720,389
1120,650,432
1130,750,391
1140,630,513
1160,760,420
1320,860,385
1920,990,389
800,710,406
1060,710,448
1080,1340,319
1090,720,404
1140,600,565
1150,570,502
1230,550,542
1340,790,412
1920,870,443
550,730,338
590,730,343
940,1000,408
1010,670,380
1090,740,482
1100,700,377
1150,760,493
1410,780,396
1670,890,451
2550,1330,426
730,720,405
1140,520,346
1170,600,508
1500,710,410
1900,1050,465
1410,630,435
1540,860,422
710,750,346
1010,570,396
710,720,340
790,750,394
1170,640,429
1230,770,547
1450,740,440
1170,610,402
1380,780,502
1550,930,406
1010,750,409
1480,900,403
1920,1090,450
350,580,301
820,730,355
1010,720,397
1100,610,416
1320,940,327
700,710,315
710,710,303
960,430,400
1130,700,445
640,280,289
1050,700,389
1140,570,421
1280,540,474
1320,900,367
1380,630,439
1380,810,444
820,710,388
1010,1370,236
1160,620,385
1460,720,404
1690,780,435
770,990,275
1030,740,374
1030,750,378
1130,650,429
1690,790,472
680,660,379
770,860,313
920,460,311
1060,690,388
1180,590,375
1300,800,435
2180,1090,390
620,560,340
1040,710,411
1080,640,420
1130,600,454
1310,800,427
1410,810,418
1660,800,374
720,770,423
1120,680,446
1620,780,804
1020,1370,248
1120,620,377
1390,640,412
790,720,409
1160,630,384
1760,840,391
760,700,322
1070,710,431
1090,550,411
1120,750,377
1140,550,438
1160,640,384
1170,760,427
1440,600,525
740,690,353
810,730,382
1040,700,380
1140,620,410
1260,810,415
1330,580,474
1490,710,415
730,700,319
1010,690,369
1160,590,429
1370,840,379
1870,900,420
1050,740,342
1080,760,382
1100,650,446
1150,600,469
1170,670,435
800,750,389
1330,790,435
1580,810,334
2110,980,519
850,710,375
1120,690,364
1210,580,421
1440,610,372
2560,1380,360
830,970,398
1060,720,348
1060,740,377
1070,730,412
1080,460,367
1120,600,471
1160,600,482
1890,960,333
1010,740,364
1050,720,435
1140,760,409
1280,830,293
1430,860,348
1650,910,430
2380,1210,682
960,420,335
1090,700,406
1140,560,402
780,760,310
780,780,315
1180,550,423
1100,760,397
1110,670,390
1150,580,373
1260,790,352
1340,780,386
660,660,342
870,740,389
1160,680,364
1320,890,359
1460,690,426
1470,720,418
1620,760,332
1890,910,409
340,570,281
650,640,311
710,970,303
780,720,322
1120,630,404
660,600,326
1160,610,448
1450,720,353
1460,710,531
1660,840,489
1260,840,424
1590,810,420
430,710,265
1130,640,477
1130,760,454
1140,590,317
1160,670,421
1240,770,356
1360,780,323
1790,890,336
1090,690,360
1100,620,372
1490,810,310
1670,850,435
1670,950,362
2110,1050,531
830,740,328
1050,690,322
1060,730,364
1170,630,411
1620,810,366
1670,820,397
2030,990,365
490,840,250
730,760,322
850,740,366
1040,720,422
1210,570,444
1670,830,373
820,1110,281
860,710,381
1370,870,313
1410,820,354
1660,830,388
1150,680,407
1260,780,430
1460,740,422
1680,790,399
1780,1010,421
840,740,320
1030,720,301
1070,750,316
1110,800,273
1270,550,352
1300,1020,209
1680,930,348
810,750,342
820,740,286
1170,770,348
420,840,266
1120,640,396
1130,620,375
1130,630,333
1130,670,350
1400,620,392
1660,980,370
800,560,438
830,1110,247
1000,740,378
1080,810,312
1620,790,349
1060,750,334
1110,630,337
1520,810,384
1880,930,450
2540,1370,289
690,740,272
1100,600,278
1180,560,392
1280,780,344
1500,630,871
670,610,260
810,960,284
910,900,372
940,710,372
940,880,337
1250,500,378
670,650,247
730,690,287
810,710,315
840,750,277
1070,720,305
1130,610,319
1160,560,355
1190,580,381
1480,930,338
1580,880,421
1100,690,328
1150,620,325
1220,770,430
1710,810,315
1720,870,383
1900,830,349
2050,1040,368
740,760,283
830,1120,303
990,740,424
1000,710,320
1060,700,353
1130,680,359
1290,800,352
1670,900,359
1880,920,387
720,290,274
1110,650,345
420,710,260
720,690,301
1050,760,324
1180,540,419
1200,790,305
1280,810,279
1440,890,367
1780,910,386
1850,1010,668
630,600,315
900,740,309
1090,620,399
1090,760,339
1290,590,343
690,610,290
1060,580,395
1120,670,337
1300,570,297
1430,850,363
1650,890,379
2030,960,382
300,430,240
790,760,310
810,330,252
870,710,356
960,480,310
1040,730,325
1120,610,360
1250,800,328
1450,700,327
1600,800,519
1100,680,368
1190,800,341
1230,800,291
1240,540,366
1320,910,329
1360,610,350
600,980,292
1080,770,446
1090,660,338
1120,760,331
1320,590,303
1800,830,374
840,710,315
940,740,293
1040,650,314
1080,420,532
1130,560,398
1130,660,353
1170,530,321
2050,1070,307
2560,1250,344
710,700,311
980,740,299
1450,770,321
320,650,233
650,610,267
680,690,258
810,1080,240
1080,600,364
1220,540,366
1500,890,333
1780,980,345
1910,990,304
2030,1050,350
700,720,258
1020,530,335
1030,690,379
1030,700,361
1160,770,270
1700,1320,328
420,750,227
920,740,319
1080,560,331
1180,580,362
1210,770,370
1260,1300,317
1650,800,289
230,250,244
700,690,297
800,730,255
1010,580,297
1020,1300,258
1070,690,357
1070,700,292
1310,810,317
1390,630,266
1680,800,271
410,500,223
860,730,261
970,710,470
1110,600,336
1420,620,302
1450,750,310
1470,710,271
1760,890,449
720,800,294
770,700,278
780,700,281
830,1060,286
990,710,290
1190,540,340
640,640,219
820,750,283
1080,540,272
1080,790,320
1110,620,359
1150,520,293
1280,870,351
1430,620,363
1500,720,372
1650,920,338
1650,940,337
740,880,279
950,710,304
1000,650,252
1090,750,271
1780,950,391
1860,910,337
760,760,256
810,720,310
930,950,286
970,740,296
1040,690,326
1090,500,316
1090,650,295
1600,950,313
1630,890,303
1730,890,345
1730,920,634
1740,880,389
1810,870,339
1860,980,300
700,760,250
860,740,263
900,750,283
950,730,265
1120,550,285
1830,1010,280
830,1130,260
1090,610,264
1120,570,376
1310,790,349
1580,840,378
690,730,269
780,690,271
890,750,294
1100,670,361
1410,900,379
1780,900,333
1780,930,369
680,790,262
770,540,307
1010,590,357
1040,1610,179
1310,880,301
1600,820,297
1600,910,273
1640,870,359
1730,860,384
660,590,248
800,720,307
950,930,257
1100,570,348
1130,570,367
1490,740,311
830,730,269
1120,590,284
1490,760,311
2050,1090,288
390,520,206
620,590,268
670,280,257
1020,1240,350
1360,620,306
2560,1310,337
830,710,293
910,710,312
1050,650,332
1150,770,320
1360,600,319
1370,940,239
1510,730,254
1750,850,328
300,410,211
650,600,260
980,710,341
1170,540,332
1200,860,391
1340,590,256
1430,830,280
1470,740,310
1650,840,295
1710,860,248
1780,940,251
1790,860,486
2560,1270,264
670,640,259
670,700,284
690,710,269
930,710,322
1000,730,275
1130,550,323
1210,550,320
1260,500,298
1450,690,387
1490,850,266
1500,680,364
810,920,220
900,710,305
960,920,310
1190,790,258
1220,530,306
1250,860,315
1280,520,318
1360,810,326
1370,850,302
1480,880,300
730,850,238
780,560,284
820,720,253
850,730,272
1170,580,287
1180,820,259
1270,790,492
1290,810,323
1370,1020,254
1420,840,270
1480,730,280
1500,850,357
1890,940,240
510,650,240
890,740,249
910,740,259
920,710,272
940,700,262
940,720,266
950,740,284
980,1450,201
990,640,304
1090,630,285
1120,660,297
1130,580,316
1330,780,316
1370,560,304
1600,920,299
380,40,179
390,800,201
840,730,239
870,720,307
880,730,283
960,570,240
1000,720,298
1060,560,253
1150,540,360
1200,540,375
1450,730,283
1460,750,258
1600,750,318
1910,1010,216
350,620,243
410,40,180
710,690,244
790,700,247
830,750,242
960,960,207
970,620,255
990,610,271
1040,750,267
1090,460,215
1090,510,264
1230,520,329
1270,870,216
1680,780,331
1730,800,307
600,820,235
930,740,266
1120,470,520
1290,790,276
1300,790,290
1370,1610,254
1560,770,379
1630,810,380
1630,850,454
320,370,196
770,690,260
880,750,224
890,730,227
960,470,230
1030,580,322
1070,760,290
1080,630,272
1110,590,273
1180,790,275
1240,800,334
1320,920,303
1380,610,332
1380,910,295
1410,620,327
340,460,202
690,640,244
970,720,318
1050,600,348
1070,610,296
1070,650,352
1070,680,334
1200,900,281
1340,810,279
1460,810,332
1540,850,281
1800,850,409
970,730,242
980,720,265
1070,510,250
1090,580,302
1120,540,238
1130,590,506
1180,840,312
1260,1330,293
1470,870,265
1520,870,242
1610,890,391
1870,970,244
670,320,203
940,730,237
1020,550,258
1060,610,242
1220,800,237
1260,1280,288
1480,850,354
1490,720,255
1690,810,242
340,540,183
600,890,192
680,730,245
820,700,253
830,940,223
880,710,252
880,740,265
1080,570,259
1140,770,334
1250,530,263
1250,920,315
460,870,195
660,690,194
680,740,225
800,700,264
850,720,271
1110,660,252
1590,800,271
360,420,236
940,750,244
960,730,248
1050,680,268
1520,890,292
1570,740,255
1620,860,262
1670,810,240
1890,890,245
600,900,217
690,720,224
810,700,284
850,750,227
930,930,259
960,740,254
1040,590,312
1160,570,353
1190,830,222
1200,780,247
1210,800,287
1340,580,288
1480,740,245
1690,910,367
1870,930,295
1880,900,285
710,1000,230
730,880,288
780,330,235
880,720,237
1020,760,241
1030,610,281
1490,790,265
1520,840,247
1830,950,239
770,760,217
930,790,284
950,720,222
1090,640,226
1110,560,300
1130,770,273
1570,890,329
1590,900,229
1650,900,239
1900,1020,270
1900,1130,258
700,640,234
750,780,223
750,790,213
790,690,261
990,720,225
1000,700,300
1060,620,298
1060,760,281
1250,900,270
1470,840,300
1510,800,296
1540,700,256
1630,870,271
1640,920,292
1650,820,278
1790,880,261
1890,840,268
1920,860,234
650,650,241
720,680,210
770,1000,243
1040,620,257
1040,640,246
1150,800,263
1270,900,242
1600,770,267
1650,880,260
1890,870,269
300,370,173
670,800,239
950,960,220
960,950,217
1070,660,269
1310,780,293
1640,850,302
1650,860,269
340,590,210
680,650,346
680,750,217
800,850,462
820,1180,181
920,730,243
970,750,211
990,660,264
1040,670,229
1210,840,215
1270,890,268
1510,830,235
1780,1040,234
1780,920,270
420,820,208
680,620,176
690,750,204
910,730,247
950,950,278
980,750,259
1050,640,270
1060,590,377
1240,860,373
1280,790,294
1430,890,389
1780,890,319
1810,900,216
660,630,217
890,710,275
960,930,226
980,920,235
1000,750,260
1040,680,238
1060,660,317
1070,640,225
1120,530,282
1420,900,241
1470,760,311
1540,820,338
1590,740,249
820,1060,225
840,760,229
960,700,258
1090,600,277
1410,840,265
1530,750,254
1540,780,263
1710,840,245
1790,970,244
1900,850,219
690,280,193
910,720,240
930,760,229
1030,620,279
1080,550,249
1080,610,240
1250,870,294
1320,870,275
1330,810,248
1420,890,247
1700,870,284
1790,870,281
1890,880,235
2560,1340,212
340,520,172
360,300,183
670,730,209
700,650,276
700,840,188
800,760,203
820,760,256
830,760,230
920,720,270
1070,500,234
1110,580,285
1490,830,252
1620,840,257
1630,880,260
1860,900,224
1910,1090,244
2540,880,301
630,720,185
690,700,221
870,730,222
990,750,228
1030,600,359
1060,650,269
1100,660,281
1300,590,220
1420,860,257
1480,760,225
1490,690,259
1580,690,300
1590,870,279
1600,730,304
1680,740,567
1750,860,210
600,930,206
710,770,243
830,720,227
890,720,259
990,630,192
1060,680,284
1070,670,261
1110,830,212
1270,540,287
1310,940,219
1330,550,234
1500,750,371
1540,920,258
1570,770,249
1580,860,279
1600,900,232
1820,980,293
2550,1360,200
460,800,191
750,640,185
960,710,205
980,730,256
1060,600,253
1690,870,228
340,600,167
670,770,239
830,1190,170
870,700,265
1180,1610,230
1280,530,309
1380,620,224
1400,930,326
1590,820,268
1620,890,326
1730,830,285
1800,870,243
1870,950,227
2030,1020,252
380,570,168
640,690,235
680,710,267
840,390,265
990,600,275
1020,490,266
1050,610,232
1060,640,271
1100,580,314
1270,910,261
1320,580,224
1330,570,212
1510,690,243
1540,730,256
1580,890,256
1600,840,227
1880,910,255
1890,860,259
2550,1310,330
640,740,206
650,620,225
670,740,196
680,760,177
800,1170,172
930,720,302
950,920,197
990,730,215
1010,530,195
1100,770,230
1310,580,186
1350,530,270
1470,780,217
1570,860,236
1590,890,310
1640,950,223
1670,790,213
1680,750,218
1880,950,251
1890,1000,179
630,690,206
640,720,199
860,700,292
860,720,254
870,750,219
890,700,241
960,720,291
1030,760,220
1050,490,218
1050,660,239
1050,670,254
1160,800,246
1170,800,222
1250,810,254
1690,940,269
1780,870,281
1850,920,231
1860,930,284
2030,980,248
230,280,242
680,600,200
700,770,204
720,810,214
920,700,226
950,700,248
980,700,257
1080,580,236
1250,790,311
1450,810,268
1600,780,208
1640,860,211
1640,890,237
640,600,200
900,730,200
930,730,245
990,700,221
1000,690,275
1010,440,218
1070,630,222
1160,580,221
1300,780,220
1550,880,288
1550,920,232
1630,860,211
380,1610,150
680,720,191
780,790,201
860,750,225
940,760,204
950,750,219
990,590,216
1120,560,266
1250,780,223
1390,620,213
1410,860,270
1430,930,200
1450,800,229
1540,770,204
1540,880,207
1550,890,292
1610,860,212
1630,910,239
1650,950,182
1660,820,228
350,650,197
910,700,219
960,750,178
970,700,264
1040,760,238
1100,550,209
1180,800,250
1470,790,227
1480,810,238
1510,760,270
1580,920,222
1590,840,274
1620,910,244
1670,960,238
2540,1320,251
350,630,161
880,700,209
900,720,223
940,890,236
1090,770,257
1350,540,276
1390,820,276
1580,900,286
1600,810,289
1630,920,211
1830,920,214
410,30,141
630,590,187
640,570,242
740,410,178
830,700,256
1090,680,201
1130,800,258
1270,880,242
1280,920,206
1300,830,185
1460,860,211
1510,790,211
1570,880,319
1590,880,251
1630,900,232
1690,930,231
1870,920,211
350,490,157
690,650,263
840,720,201
1070,590,215
1090,670,204
1120,580,319
1470,890,255
1490,820,293
1500,830,254
1690,900,245
380,440,150
650,570,177
710,810,254
760,680,198
760,770,181
810,410,222
830,980,198
910,640,217
910,750,192
1070,600,226
1070,620,236
1110,570,242
1470,860,201
1480,910,239
1520,900,234
1540,830,224
1580,870,210
1590,780,237
1600,860,216
850,690,231
1010,560,229
1030,560,255
1040,610,268
1050,620,240
1240,790,247
1490,730,193
1670,990,226
480,590,766
900,420,319
1080,660,220
1180,530,194
1250,930,286
1290,580,205
1450,660,284
1540,870,251
1600,830,214
1860,920,282
2550,1300,220
340,420,444
360,290,146
620,650,216
740,770,247
890,760,200
900,700,201
920,750,223
1030,570,232
1050,460,181
1250,510,248
1250,840,268
1480,790,273
1490,700,177
1500,870,262
1640,840,248
1640,880,210
1650,870,209
1750,880,244
1870,910,232
340,610,146
60,20,128
620,640,178
770,770,196
780,770,182
800,690,213
1020,1290,197
1030,680,193
1060,530,212
1090,570,264
1120,500,240
1300,810,232
1470,700,195
1510,840,243
1530,890,221
1550,840,221
1620,920,283
1660,810,237
1670,930,250
690,670,180
1050,770,205
1270,920,215
1470,850,215
1470,880,209
1480,680,235
1590,910,190
1640,910,188
1710,900,336
1750,830,185
750,770,211
950,690,199
960,690,192
1000,640,273
1030,670,204
1050,590,175
1090,520,254
1120,770,237
1130,540,189
1200,850,212
1250,520,213
1510,650,211
1560,860,197
1560,880,252
660,560,208
680,910,174
800,540,194
980,620,208
990,620,204
1040,630,224
1070,580,248
1180,510,185
1270,810,180
1290,780,206
1310,890,234
1310,910,220
1320,840,208
1370,830,209
1420,610,226
1470,730,195
1510,680,220
1850,910,278
620,550,181
690,760,186
700,300,133
730,770,175
810,940,160
840,410,224
850,700,196
860,760,195
990,690,191
1010,760,150
1020,510,260
1320,950,230
1330,560,191
1420,870,202
1430,880,275
1460,870,233
1540,890,189
1590,850,245
1610,870,240
1610,910,214
1650,850,204
630,570,218
670,600,190
670,710,207
670,750,189
830,1030,172
900,440,228
940,690,189
990,760,171
1040,600,190
1170,550,207
1280,860,196
1310,860,227
1350,910,211
1410,890,198
1450,830,194
1510,910,236
1620,870,203
1850,940,253
1860,950,280
340,500,164
790,770,187
830,690,159
910,760,191
930,750,185
950,940,238
990,680,163
1000,590,201
1010,1010,195
1010,520,183
1020,410,152
1020,880,207
1040,1060,180
1060,670,216
1070,570,237
1140,530,281
1270,960,155
1280,890,219
1440,590,212
1460,890,187
1490,750,235
1510,890,230
1550,860,253
1570,760,211
1620,880,200
1700,1280,197
1710,870,220
1760,860,256
2540,950,192
770,850,145
810,690,210
840,690,229
840,700,175
1010,800,180
1030,590,247
1050,560,223
1160,540,192
1290,840,198
1310,840,174
1370,980,181
1380,860,256
1380,870,210
1380,940,198
1390,610,315
1390,900,194
1450,840,185
1450,860,221
1500,800,268
1500,840,211
1600,890,227
1610,850,242
1620,900,244
1650,830,215
570,320,153
660,740,202
680,820,170
740,790,169
820,690,178
870,690,228
930,960,177
1020,480,191
1030,650,202
1090,590,212
1280,900,211
1360,590,202
1400,840,232
1450,880,278
1470,910,237
1490,920,248
1510,920,224
1520,620,281
1540,800,193
1570,870,224
1760,880,202
2550,1340,195
370,740,128
460,820,145
630,610,151
730,790,174
1000,620,229
1030,660,171
1040,770,247
1140,800,162
1260,1230,306
1320,930,170
1440,870,187
1500,770,243
1530,860,241
1600,870,201
1830,900,198
1840,930,217
1840,940,297
430,820,149
570,590,635
850,760,160
990,570,174
1000,600,218
10,10,174
1160,550,226
1180,780,238
1210,540,216
1340,870,228
1390,870,196
1410,930,247
1420,880,247
1450,890,249
1460,800,269
1480,700,239
1510,860,293
1530,770,209
1530,920,196
1550,750,216
1550,850,217
1730,820,258
1810,1010,202
2030,1000,186
630,560,181
810,760,219
870,760,174
970,590,235
1040,580,182
1390,840,243
1430,950,225
1530,880,283
1570,840,175
1770,900,263
2540,980,226
330,550,148
590,710,162
730,680,175
910,600,205
960,940,244
970,690,209
1270,780,241
1410,610,179
1550,760,194
1570,780,174
1730,870,221
1780,880,178
2030,940,210
2110,1220,761
2550,1270,178
640,620,147
1050,500,186
1050,570,193
1090,560,179
1100,530,200
1110,550,225
1350,830,169
1400,580,244
350,590,152
360,450,150
650,590,166
660,730,145
660,750,181
690,600,164
920,760,177
1000,760,191
1010,550,173
1020,1410,136
1020,500,203
1030,640,167
1040,500,194
1110,810,155
1200,530,206
1280,820,206
1330,900,230
1350,820,209
1360,820,215
1500,900,184
1540,840,206
1540,900,190
1690,770,201
1690,890,192
1700,890,279
1790,1030,178
1850,900,219
2000,1020,213
670,630,150
700,610,151
910,880,200
930,700,194
950,760,161
1010,540,199
1070,470,229
1100,800,173
1240,900,245
1330,890,224
1370,990,140
1410,870,205
1430,910,248
1450,820,185
1460,680,181
1510,930,181
1530,740,252
1570,900,188
1600,930,205
1630,830,189
1750,910,204
1790,840,169
1850,950,186
1910,850,193
1920,1030,238
1920,1120,179
530,500,412
960,510,181
990,650,154
1060,770,182
1140,510,332
1320,850,229
1380,930,214
1470,900,185
1510,780,192
1510,810,180
1540,910,214
1560,870,203
1610,880,204
1630,840,210
320,690,124
700,680,152
720,380,156
740,890,134
1000,630,182
1010,510,206
1040,570,197
1180,850,172
1200,890,196
1220,910,220
1250,890,176
1330,870,230
1470,830,187
1480,780,208
1540,940,200
1590,860,161
1690,740,282
1880,940,211
320,1200,149
630,620,154
770,970,166
840,840,271
920,690,184
980,760,164
1000,610,167
1050,630,161
1100,520,150
1180,810,193
1210,780,169
1310,900,184
1340,840,224
1350,880,197
1380,880,193
1400,900,253
1470,930,206
1560,840,225
1590,830,198
1640,930,168
1710,930,176
1770,890,152
1840,890,198
390,560,142
430,770,119
430,880,128
510,700,165
700,620,148
810,990,139
1210,790,176
1430,920,202
1460,830,176
1550,870,160
1610,900,192
1610,920,171
1620,940,196
1620,950,181
1640,900,178
1700,860,223
1800,860,279
1810,910,148
330,540,142
490,830,153
750,310,145
800,1200,160
990,560,194
1000,670,223
1060,510,213
1070,560,217
1280,950,199
1310,560,218
1340,860,164
1350,890,174
1380,850,188
1440,880,196
1450,900,180
1540,670,230
1560,890,211
1560,920,200
1580,910,172
1590,920,185
2030,970,162
2560,1230,258
300,390,123
330,560,116
460,850,150
640,610,143
770,790,156
890,690,155
900,610,169
1190,810,214
1230,900,198
1240,780,168
1270,930,202
1300,880,161
1350,920,187
1360,920,209
1420,920,211
1460,880,165
1480,820,203
1500,810,206
1500,880,180
1500,920,219
1520,920,205
1530,850,160
1570,910,194
1630,950,192
1640,940,178
1740,930,149
1870,980,172
620,620,144
670,690,157
700,660,147
710,800,221
840,810,145
940,770,158
950,970,172
960,460,146
960,760,168
980,690,177
1200,920,174
1240,910,211
1400,600,277
1410,880,189
1460,840,193
1540,950,207
1580,850,202
1630,940,155
1650,790,181
1760,910,187
1800,890,230
1800,930,209
1830,890,242
380,450,131
750,650,204
860,690,190
910,690,170
990,950,186
1110,1380,131
1240,930,234
1340,900,186
1350,900,200
1400,610,230
1440,920,192
1460,930,215
1500,930,181
1530,720,162
1540,810,201
1690,970,173
1850,930,218
2550,1250,194
530,770,138
760,790,175
790,680,147
900,690,222
960,680,181
970,760,170
980,670,238
1000,660,210
1090,530,217
1200,520,161
1230,790,186
1310,930,211
1410,920,237
1450,850,229
1460,900,189
1480,690,168
1710,890,173
1750,890,223
1830,930,190
1880,890,233
2180,1130,138
2280,820,187
230,260,179
430,690,121
710,650,217
890,770,158
900,760,165
910,650,159
910,920,166
940,680,176
960,770,166
970,660,147
1000,680,228
1020,520,232
1020,930,168
1030,770,144
1050,440,196
1060,570,221
1160,530,184
1230,930,178
1250,850,218
1280,930,155
1370,820,170
1400,850,209
1460,770,199
1510,850,220
1560,740,290
1560,930,184
1570,810,174
1570,920,182
1590,730,148
1610,840,191
1630,800,172
1690,950,198
1720,880,243
1720,930,163
1740,860,220
1820,920,182
1850,890,178
1900,820,181
410,1610,113
540,740,128
640,560,219
660,710,157
670,720,146
710,680,169
1080,780,136
1110,530,218
1220,780,258
1230,530,165
1250,880,173
1250,910,221
1270,860,206
1360,850,215
1400,820,208
1440,1080,112
1460,780,165
1560,850,196
1570,750,156
1650,930,145
1660,960,203
1730,930,223
2560,1260,177
480,730,122
720,320,148
940,1050,137
940,410,132
950,680,193
950,910,184
1010,1000,154
1070,770,196
1150,510,238
1200,1200,104
1310,920,152
1330,880,165
1350,860,192
1440,910,179
1530,900,188
1530,930,186
1590,930,232
1730,900,185
1750,870,152
1760,900,172
1820,890,171
1880,870,228
2560,1220,138
590,600,144
690,620,120
720,640,135
900,910,132
920,930,203
970,640,184
980,600,160
980,640,135
1030,550,210
1050,550,202
1090,490,162
1110,540,180
1240,810,141
1270,830,280
1290,570,207
1300,920,145
1320,960,197
1330,850,185
1340,560,148
1390,880,204
1420,950,201
1450,670,144
1470,820,179
1480,920,187
1510,820,167
1530,950,193
1570,820,194
1590,700,216
1750,900,192
1750,930,152
1780,860,166
1790,850,170
1890,800,155
620,690,181
630,650,128
720,650,157
740,320,128
740,680,174
750,620,155
810,770,164
940,640,187
940,980,173
960,530,141
970,480,139
1060,630,174
1120,510,192
1230,880,169
1290,860,182
1360,1000,199
1360,580,164
1360,860,208
1380,890,163
1430,870,150
1490,770,187
1530,760,141
1530,800,170
1620,850,139
1840,970,169
1870,960,217
640,630,141
640,650,137
650,630,132
740,650,220
770,680,139
930,690,201
970,580,190
970,630,155
1030,800,149
1100,930,174
1150,790,171
1190,1480,124
1190,870,177
1240,530,193
1350,930,160
1360,840,186
1360,890,150
1400,920,176
1410,850,174
1420,910,170
1460,850,166
1470,920,149
1550,790,185
1560,900,216
1580,950,230
1770,940,175
1800,910,132
1810,850,167
1860,890,151
640,320,133
820,930,227
830,770,133
880,680,160
980,610,164
1010,450,181
1020,840,159
1060,930,158
1120,800,165
1330,830,178
1360,870,168
1400,590,195
1410,910,154
1470,690,169
1510,660,166
1550,910,155
1570,850,193
1600,980,145
1710,820,165
1710,830,169
1730,960,187
1770,870,158
1780,850,174
320,750,102
360,380,115
530,820,153
630,580,142
650,750,153
690,630,122
690,690,143
700,630,140
720,620,143
840,770,145
1120,790,150
1260,490,160
1310,870,139
1330,840,204
1340,910,175
1390,860,168
1510,950,204
1540,930,212
1730,910,153
1800,920,191
2560,1240,162
390,790,110
490,920,111
600,940,110
720,330,143
780,680,134
930,770,181
950,900,176
990,930,187
1150,810,145
1250,950,142
1320,830,158
1330,930,159
1350,870,145
1360,570,154
1380,900,182
1390,890,137
1400,830,140
1400,860,138
1400,870,192
1430,610,141
1440,930,141
1450,870,176
1450,930,207
1470,800,177
1520,950,164
1540,970,133
1590,940,167
1740,920,171
1810,1070,154
1830,910,151
1870,890,146
1910,1060,146
800,770,135
920,450,131
970,920,180
1030,630,146
1100,540,169
1130,510,142
1160,930,163
1190,530,159
1220,920,155
1240,920,327
1250,470,296
1270,950,221
1380,840,180
1390,930,185
1420,930,166
1510,870,173
1570,790,148
1580,820,181
1590,750,153
1610,800,320
1610,810,160
1630,790,149
1640,830,152
1700,830,189
1810,880,161
2000,990,183
2050,960,167
230,320,104
340,470,110
430,570,111
490,740,123
640,340,111
780,610,148
920,920,147
940,620,163
940,660,137
980,480,118
980,680,142
1000,800,140
1020,470,226
1030,930,166
1070,930,179
1160,790,151
1200,870,151
1210,900,151
1270,850,137
1330,860,144
1340,880,158
1340,920,165
1360,830,144
1440,990,164
1450,920,164
1470,770,169
1500,820,143
1510,900,145
1530,820,238
1530,840,207
1620,930,133
1630,930,180
1650,810,140
1690,880,176
1820,1010,133
230,270,120
380,30,94
620,540,131
670,590,124
680,630,116
680,700,130
700,600,152
960,600,133
970,650,135
980,930,150
1070,490,152
1080,800,125
1130,810,122
1170,790,145
1190,780,189
1190,930,163
1220,880,167
1250,820,181
1300,910,164
1390,950,183
1410,600,192
1450,780,151
1500,640,154
1500,780,175
1500,910,139
1510,880,150
1560,780,134
1610,930,213
1630,820,203
1640,820,179
1700,880,127
1770,880,176
400,730,113
720,610,121
730,620,128
750,680,125
820,770,130
830,800,183
880,690,128
880,760,133
890,930,125
940,670,174
950,770,160
990,670,181
990,900,167
1000,920,197
1050,580,140
1070,460,157
1130,530,150
1230,810,203
1240,890,238
1310,570,133
1320,820,127
1360,900,128
1390,830,147
1470,810,177
1520,930,183
1530,810,166
1550,950,170
1560,750,140
1580,680,160
1580,930,130
1620,820,166
1650,960,128
1670,800,138
1760,930,179
1770,920,154
1780,960,143
1820,900,173
2610,1240,146
590,700,125
610,560,136
670,570,119
690,680,109
690,770,124
690,790,111
710,640,105
720,780,119
740,330,111
750,670,173
790,610,152
790,650,140
930,820,127
950,600,182
990,890,153
1000,580,168
1020,460,156
1040,560,148
1070,550,167
1220,840,188
1300,860,154
1330,820,146
1330,920,153
1380,820,139
1470,940,148
1550,740,153
1550,780,151
1550,820,119
1700,910,169
1720,830,181
1720,920,179
1730,810,171
1740,870,162
1740,910,172
1760,850,159
1900,800,109
400,690,110
510,660,106
590,280,113
710,620,123
740,660,120
790,790,120
850,770,109
980,660,140
1050,930,136
1070,480,112
1340,820,141
1340,850,164
1440,940,124
1470,950,249
1510,770,160
1530,870,164
1550,810,175
1560,950,148
1570,930,140
1710,850,168
1810,860,172
1810,930,135
2050,1020,181
660,720,130
680,590,137
800,1100,130
970,560,176
970,600,154
970,680,160
990,770,136
1000,570,161
1060,550,139
1110,930,139
1210,870,141
1220,820,178
1230,780,126
1270,940,143
1290,930,174
1300,840,232
1300,850,187
1380,600,187
1400,880,125
1460,920,191
1500,650,131
1510,940,168
1530,830,136
1530,910,136
1720,900,179
1730,940,133
1740,940,166
1750,920,153
1760,870,166
1760,920,156
2540,1220,121
2610,1010,164
380,410,107
420,680,112
50,10,103
660,570,129
730,650,118
740,640,141
820,790,130
830,790,156
840,820,136
850,650,132
900,770,150
920,770,139
960,900,139
980,590,303
980,650,169
1030,920,144
1040,800,138
1070,530,109
1110,790,143
1190,840,126
1220,790,157
1230,870,155
1240,840,161
1270,820,148
1290,910,132
1300,890,133
1300,930,140
1350,510,156
1350,850,169
1440,580,161
1460,910,132
1500,760,148
1590,710,181
1740,900,164
1820,870,150
2540,910,217
680,280,111
750,610,136
800,790,145
930,640,137
950,470,221
960,910,144
980,1470,105
980,570,152
1020,810,152
1040,510,161
1100,500,160
1120,920,161
1210,830,132
1230,860,165
1250,830,172
1290,890,138
1340,890,203
1360,930,178
1390,920,150
1420,940,166
1460,670,165
1560,810,167
1590,950,145
1780,990,176
1840,910,186
1980,1190,103
2030,1080,152
300,300,378
350,540,112
660,760,120
890,680,132
920,680,118
1020,870,141
1040,810,151
1180,890,135
1210,810,134
1270,530,141
1270,840,127
1450,940,140
1610,780,242
1660,790,116
1730,950,128
1840,870,157
1870,880,191
1880,860,116
1890,970,133
1910,1080,141
1910,830,178
1910,840,173
1920,850,151
340,530,99
640,590,163
690,590,133
700,810,104
760,600,138
940,650,135
960,660,140
970,770,178
970,880,129
1000,480,130
1000,770,132
1070,540,137
1140,790,134
1170,780,144
1400,890,140
1410,830,192
1550,940,126
1700,940,214
1710,920,129
1710,940,171
1760,980,167
1770,930,207
1860,960,139
1900,810,149
2530,1160,270
300,500,105
380,840,123
410,490,106
640,710,142
660,680,111
710,660,111
730,610,106
740,800,139
750,800,128
800,640,125
920,800,104
940,610,118
990,580,135
1060,540,141
1200,930,151
1310,550,161
1320,570,127
1340,830,136
1340,950,191
1460,820,175
1610,940,134
1700,900,193
1740,850,152
1810,960,177
1920,1100,167
610,600,105
630,640,109
640,150,128
730,640,135
750,820,106
760,640,168
770,640,157
800,680,105
930,900,122
960,640,133
960,650,160
1010,930,106
1050,470,102
1050,920,126
1160,810,173
1170,930,142
1190,880,146
1190,920,191
1300,900,138
1420,1610,183
1480,950,162
1560,790,150
1600,960,187
1680,980,119
1700,1300,103
1720,910,124
1830,870,128
1890,850,166
1920,1040,117
1920,1070,146
2540,1260,134
440,700,112
530,740,101
610,590,151
650,740,166
690,980,95
720,600,108
850,680,127
850,820,142
910,560,117
930,660,139
940,860,228
960,550,160
960,620,158
970,610,122
1110,500,143
1120,890,123
1150,930,142
1160,520,145
1170,810,153
1220,860,116
1230,910,120
1280,1230,263
1310,850,158
1390,600,142
1550,720,158
1550,770,165
1550,800,129
1560,940,131
1570,950,170
1680,1050,137
1720,860,116
1770,860,134
1770,960,148
1800,810,159
1860,870,192
2050,990,148
2610,1270,130
430,850,94
590,760,101
620,740,102
630,740,105
670,310,96
700,800,127
710,610,104
740,670,131
740,860,135
770,610,159
880,620,111
890,1010,118
930,650,127
950,590,177
950,650,159
970,930,117
1020,430,122
1030,790,148
1050,510,121
1060,800,126
1120,930,145
1190,860,171
1210,530,149
1240,870,133
1260,1270,109
1290,920,130
1300,950,139
1330,950,195
1360,950,162
1390,850,163
1400,910,153
1410,950,146
1490,780,138
1490,910,117
1560,820,104
1610,950,161
1720,850,183
1720,940,123
1750,960,147
1770,910,131
1780,840,193
1840,960,180
2050,980,125
660,790,128
670,820,129
720,280,126
730,820,110
740,600,133
740,820,102
780,660,121
780,820,99
790,820,111
830,600,177
900,600,163
910,680,125
910,770,135
930,940,383
940,440,154
940,600,163
950,660,134
960,450,131
1050,800,183
1190,820,128
1230,920,169
1290,900,129
1410,960,167
1450,620,194
1450,910,127
1460,650,131
1500,790,146
1610,820,156
1620,800,172
1700,930,117
1720,890,113
1830,880,128
1880,880,110
2130,1080,190
640,700,89
780,640,136
780,800,108
920,650,130
940,460,121
950,790,135
950,890,149
960,540,145
970,670,111
980,770,171
1000,560,122
1020,960,133
1100,790,137
1210,880,118
1270,520,163
1470,680,139
1530,730,316
1560,910,114
1570,800,176
1580,1000,197
1600,700,149
1610,830,140
1630,780,158
1640,790,200
1760,950,107
1820,910,141
1830,860,187
1840,900,142
1880,960,164
300,510,88
380,790,135
400,740,86
430,760,99
780,620,116
790,660,100
800,650,116
860,640,123
910,610,97
950,800,134
970,570,112
1010,920,125
1030,490,116
1040,530,147
1130,790,117
1220,810,127
1240,850,122
1240,950,198
1290,850,126
1470,670,160
1490,940,143
1580,940,156
1590,720,159
1670,780,205
1700,850,128
1850,860,116
1850,870,155
2050,940,159
2550,1220,116
360,400,82
730,840,106
750,600,124
760,650,105
770,670,92
810,680,108
820,680,131
830,1070,120
840,610,109
860,600,93
900,650,129
920,640,132
980,800,146
1020,920,247
1100,510,127
1150,490,181
1260,1260,124
1280,850,133
1290,950,123
1340,940,148
1520,960,96
1540,960,100
1550,830,122
1700,1230,159
1700,920,118
1860,860,162
1910,1070,113
330,570,120
350,610,105
600,600,120
620,510,144
680,570,100
740,620,102
780,490,101
790,590,101
810,1060,109
830,650,109
870,770,155
920,390,312
920,620,100
940,590,109
940,800,150
950,610,116
950,640,97
980,540,170
980,630,109
1010,900,131
1180,920,127
1220,890,125
1300,560,96
1300,820,122
1320,550,174
1340,930,121
1360,910,164
1370,1000,142
1380,830,124
1380,950,157
1400,980,102
1600,740,142
1640,810,120
1690,750,152
1820,860,197
1920,1050,116
2080,1130,331
2550,1230,111
610,620,107
750,630,105
770,820,106
800,360,113
910,960,125
920,560,107
930,590,98
930,680,124
930,870,126
950,530,115
960,610,103
970,950,98
980,900,130
990,550,139
1010,910,113
1040,930,130
1070,800,130
1080,920,123
1090,800,115
1160,780,130
1210,820,100
1290,870,174
1310,830,154
1320,560,139
1360,1030,172
1380,590,192
1430,600,140
1430,940,138
1440,960,113
1480,770,134
1580,650,116
1710,880,161
1710,910,132
1810,840,139
1820,880,102
2610,1340,98
400,660,84
410,530,84
420,620,83
430,830,80
650,700,100
660,700,93
680,770,106
730,860,117
820,600,95
830,350,88
830,960,103
930,610,114
950,620,126
960,520,104
960,580,97
1100,490,158
1110,520,148
1140,880,189
1150,920,111
1180,930,129
1200,510,106
1210,520,130
1220,930,142
1230,890,113
1240,500,154
1240,520,101
1240,820,112
1260,970,124
1360,880,165
1370,550,118
1380,920,176
1400,960,147
1490,680,181
1510,670,114
1560,830,102
1570,730,109
1620,830,129
1640,800,126
1700,1000,139
1710,800,127
400,720,92
530,720,83
630,700,182
720,660,99
730,630,111
780,650,99
810,790,84
820,640,193
850,670,140
860,620,102
900,590,134
910,790,147
910,890,166
920,540,190
920,600,112
920,660,112
930,450,105
940,540,163
980,580,96
1000,550,109
1070,1610,106
1210,510,140
1220,510,129
1220,520,139
1220,850,134
1280,1300,133
1290,880,143
1330,910,191
1360,940,110
1480,940,190
1570,940,111
1650,750,154
1660,780,125
1730,790,123
1740,840,137
1770,950,121
1780,1060,102
2550,1260,116
2560,1290,111
420,860,85
450,640,89
640,730,88
690,660,100
700,780,103
810,640,114
840,650,100
840,680,89
850,790,112
860,840,100
870,600,121
900,940,118
910,670,119
920,590,120
920,950,118
940,560,102
950,870,121
990,960,107
1000,930,139
1040,540,96
1100,940,105
1140,920,138
1150,840,107
1170,850,96
1210,930,115
1220,830,182
1220,870,133
1310,820,120
1350,940,142
1390,910,111
1400,940,119
1450,950,143
1470,660,115
1490,960,126
1570,830,153
1700,1330,117
1810,940,103
1830,940,108
1870,870,132
1910,1040,120
2030,1070,108
2050,930,102
360,410,82
570,240,102
620,720,104
650,710,129
660,580,106
700,590,120
740,610,96
750,840,93
760,590,139
760,620,99
760,630,94
760,670,119
770,660,108
780,590,109
800,820,131
840,790,95
840,800,120
850,660,166
900,930,97
910,630,115
910,910,120
920,910,112
920,960,104
950,630,130
950,670,111
970,910,112
990,940,99
1060,490,148
1080,890,132
1170,520,127
1210,860,93
1230,850,105
1280,1250,96
1300,870,111
1370,540,111
1410,940,125
1460,660,104
1670,760,139
1680,760,89
1710,960,111
1770,850,124
1820,950,100
1850,980,101
320,640,85
360,440,80
590,240,125
600,810,131
600,850,93
610,570,103
650,760,105
670,580,124
690,820,87
710,600,112
730,600,102
730,660,108
730,800,140
750,810,127
770,980,94
850,620,152
860,790,99
870,640,93
890,640,105
940,1080,121
950,820,110
960,970,102
990,910,100
1010,940,100
1070,780,121
1110,920,108
1120,520,142
1170,840,109
1170,920,105
1190,510,112
1240,510,94
1470,960,113
1480,670,148
1520,630,110
1530,780,115
1560,730,175
1570,720,108
1600,710,95
1810,950,110
1870,1010,124
2180,1040,111
2480,1340,103
2540,1170,163
330,470,84
350,560,82
360,490,84
400,700,82
420,730,124
540,690,94
640,660,91
640,680,86
760,610,81
870,650,130
870,800,143
880,770,121
900,680,161
910,950,107
920,900,122
930,560,142
930,800,115
960,630,136
1010,1030,116
1040,550,127
1060,860,139
1090,930,128
1100,900,124
1130,930,116
1140,780,147
1180,900,93
1190,910,139
1210,920,108
1220,900,96
1270,510,125
1440,950,202
1450,650,113
1500,940,120
1550,960,109
1590,980,103
1650,780,98
1750,840,133
1780,1020,107
1860,880,99
2540,1460,95
650,560,93
710,670,117
760,800,110
790,800,98
810,650,165
830,660,116
830,680,95
840,990,108
860,680,76
890,590,101
890,650,92
890,670,149
900,920,92
920,670,87
930,890,132
940,630,86
960,590,104
960,670,130
980,560,115
990,850,103
1020,890,112
1040,920,136
1060,790,123
1140,810,90
1140,910,103
1150,500,115
1160,910,177
1160,920,114
1250,960,123
1350,950,102
1350,960,113
1440,570,100
1450,640,128
1500,960,123
1610,790,125
1700,1030,114
1750,950,91
1770,980,101
1820,930,107
1870,860,99
230,240,76
240,230,76
2560,1280,105
2610,1310,93
370,710,71
430,610,92
630,730,80
780,570,114
800,320,103
800,670,123
820,330,86
840,640,101
860,610,106
880,930,100
900,640,126
900,790,106
910,870,86
1000,530,119
1000,950,83
1020,780,127
1040,490,93
1060,870,114
1110,780,86
1130,780,96
1160,900,120
1180,950,109
1190,890,150
1190,900,110
1230,820,97
1230,840,116
1240,880,108
1280,1310,168
1300,940,85
1420,960,138
1460,950,107
1490,950,110
1520,940,132
1560,800,105
1680,1000,99
1680,1020,102
1740,980,113
1780,970,100
1800,940,128
2030,1030,109
2030,1060,88
2550,1380,125
320,390,70
540,700,81
610,730,97
720,670,80
730,670,94
820,650,108
830,620,128
850,590,114
860,770,107
860,820,116
870,790,130
910,620,122
910,940,105
910,970,86
930,670,106
930,910,156
940,550,97
940,790,94
970,940,142
990,540,119
1010,420,96
1010,790,116
1020,900,114
1040,460,104
1050,530,117
1070,920,126
1180,520,109
1200,1000,85
1200,830,116
1260,1240,131
1300,550,92
1500,950,127
1550,730,102
1560,760,115
1580,1070,127
1720,950,132
1790,1090,127
2610,1040,120
430,790,70
650,730,102
830,820,95
850,600,109
850,800,95
890,560,109
900,660,106
900,670,138
910,660,164
940,850,175
950,840,101
950,980,106
970,550,90
1010,950,113
1020,910,76
1040,790,108
1080,930,136
1100,810,120
1120,810,73
1120,910,105
1170,870,136
1200,880,123
1210,890,145
1280,1340,85
1290,820,75
1290,960,91
1390,940,128
1640,780,145
1660,770,138
1680,1010,93
1780,830,162
1800,950,83
1800,980,167
1850,880,86
1900,1450,113
1910,1100,136
2610,1590,117
320,720,78
340,430,70
410,870,71
500,740,72
570,230,70
620,660,72
630,630,106
640,750,86
650,580,98
650,720,99
700,570,97
800,410,81
800,610,101
810,1000,75
810,800,110
820,800,101
840,590,87
860,670,98
880,560,96
900,960,108
910,590,99
980,1420,81
990,800,97
1020,1220,92
1090,790,102
1110,490,99
1140,930,138
1150,830,141
1160,890,119
1200,910,90
1260,480,115
1270,1020,75
1310,950,76
1310,960,150
1320,970,108
1330,940,113
1420,600,126
1500,660,111
1510,960,120
1530,710,117
1620,960,109
1810,830,91
1860,1010,86
2540,920,81
360,310,76
630,710,80
670,560,125
710,590,142
710,850,103
710,900,87
730,280,80
770,360,164
800,620,104
820,900,89
840,560,91
840,950,181
870,680,110
880,660,82
890,1040,77
890,600,85
890,800,87
930,620,128
930,840,90
970,960,128
1000,490,187
1010,780,90
1010,960,111
1080,900,113
1090,920,80
1160,840,115
1230,510,89
1250,1280,100
1260,460,119
1270,1340,97
1290,830,106
1400,950,131
1560,960,76
1740,950,100
1800,900,160
1880,850,119
1910,1030,105
1910,1120,115
2050,1050,145
2140,1140,80
2610,1280,165
2610,1490,97
300,440,76
320,840,95
490,900,62
610,640,94
650,790,122
740,590,80
740,840,84
760,660,92
760,820,120
770,650,109
770,780,75
790,620,88
800,800,96
830,330,86
830,610,83
840,920,129
840,940,73
900,630,97
900,900,110
920,940,97
940,840,115
950,880,114
1030,540,109
1030,900,123
1050,900,85
1090,910,93
1120,840,111
1120,860,139
1150,820,79
1210,910,84
1230,940,101
1550,710,104
1570,960,109
1590,960,102
1720,780,181
1740,830,144
1840,860,80
1870,840,120
320,900,86
490,930,71
600,280,138
670,680,78
710,780,79
750,590,82
770,580,86
790,630,102
790,670,122
810,600,120
870,610,98
920,890,84
950,490,92
950,550,113
970,530,93
980,430,116
980,910,95
1020,450,92
1030,950,114
1050,520,97
1060,520,105
1090,810,133
1100,920,113
1110,840,97
1120,880,85
1150,900,122
1170,820,86
1170,830,103
1170,880,99
1200,950,124
1210,850,123
1480,960,120
1580,960,80
1610,770,106
1620,770,115
1700,950,83
1710,950,107
1750,810,114
1750,940,94
1880,1000,70
1920,840,78
430,800,64
440,750,76
620,680,96
690,570,74
810,610,91
810,780,77
820,610,89
820,660,81
850,840,80
860,660,75
890,630,111
920,870,130
930,570,101
950,570,99
980,460,128
1000,540,101
1000,900,91
1000,910,86
1040,900,104
1040,960,77
1060,500,101
1060,940,125
1070,810,113
1070,960,108
1100,1370,63
1100,880,88
1130,880,115
1130,900,107
1280,940,90
1390,960,92
1440,560,107
1530,960,95
1640,960,128
1720,810,92
1730,980,98
1820,840,139
2050,970,71
590,680,72
600,590,92
680,800,107
720,570,84
800,1150,71
810,620,77
820,910,77
840,670,83
850,640,96
870,630,99
880,630,103
880,650,101
880,670,151
900,620,97
920,610,105
940,820,145
950,1000,71
950,580,82
960,880,107
1010,430,110
1080,910,80
1090,840,78
1120,780,67
1140,860,93
1180,830,80
1180,880,70
1220,950,108
1290,940,112
1330,540,108
1330,960,89
1410,590,108
1430,960,114
1460,960,103
1600,720,87
1670,980,100
1700,810,98
1800,1010,98
1840,1100,71
230,310,98
290,640,79
340,560,67
390,600,70
410,510,70
620,700,77
630,750,64
710,630,102
760,570,141
760,810,97
770,600,87
770,800,74
800,630,88
810,660,115
820,620,85
830,640,82
830,840,83
840,890,85
880,920,89
890,570,94
890,610,100
890,960,84
900,580,83
900,950,75
940,570,129
950,860,75
960,870,84
960,890,104
980,940,81
1010,860,89
1010,870,107
1010,880,96
1020,950,98
1050,540,98
1060,920,82
1070,900,89
1080,880,87
1100,780,103
1130,520,98
1130,920,84
1140,840,95
1150,780,134
1190,850,99
1270,1250,93
1290,550,129
1320,990,105
1400,970,78
1440,970,78
1480,660,122
1530,790,95
1700,840,106
1700,960,144
1730,990,81
1760,810,142
1790,1000,74
2110,1090,145
330,480,67
360,340,61
360,750,65
490,730,89
490,870,93
490,880,92
650,680,69
680,670,66
720,630,81
770,630,93
780,670,78
830,590,77
830,670,113
840,970,70
860,650,101
920,630,96
970,800,92
1000,790,71
1000,870,87
1000,940,79
1010,1040,89
1040,940,103
1050,780,87
1060,780,78
1080,950,164
1100,870,95
1120,940,112
1130,840,89
1140,890,83
1180,500,103
1180,910,77
1180,960,101
1230,950,105
1570,710,86
1580,670,104
1610,760,132
1620,710,129
1630,760,125
1650,760,89
1720,960,104
1750,980,106
1790,810,88
1790,820,161
1830,960,89
390,470,64
650,660,70
680,950,71
730,590,96
730,890,116
750,570,94
790,640,90
810,670,77
810,910,80
820,820,86
840,620,79
870,590,80
880,610,118
880,640,67
880,790,112
920,840,78
930,600,87
950,460,87
950,560,73
980,550,81
1000,440,78
1010,810,85
1030,520,84
1030,890,99
1040,850,131
1050,870,77
1080,870,84
1110,910,148
1120,870,82
1120,900,114
1130,850,65
1130,950,89
1150,960,106
1160,510,96
1160,880,96
1170,860,95
1170,900,108
1230,830,87
1240,830,85
1270,1330,91
1470,640,174
1530,940,107
1560,720,88
1580,1030,87
1670,770,77
1690,710,124
1800,1070,104
1850,850,130
1890,820,101
1910,820,78
2540,1230,107
340,510,66
370,500,69
430,650,60
440,650,90
530,690,63
630,660,82
640,670,66
670,670,76
710,280,66
720,590,131
770,620,79
780,630,88
810,570,109
830,810,73
860,560,121
860,580,73
890,880,63
910,360,83
910,570,95
910,840,89
930,860,77
960,980,87
970,900,73
1020,790,67
1030,480,109
1030,510,85
1040,520,94
1050,1030,124
1050,810,80
1050,950,91
1070,910,81
1090,470,79
1090,780,90
1110,510,84
1130,890,75
1170,510,82
1180,940,100
1200,940,81
1320,980,106
1380,960,90
1490,670,101
1520,610,97
1590,1190,52
1830,840,76
1840,880,122
1880,980,82
450,770,89
460,780,63
480,720,96
650,690,86
730,570,192
790,330,89
790,810,73
830,560,91
840,570,85
840,860,76
850,610,97
870,410,92
890,790,81
900,500,74
920,790,69
960,800,77
970,790,88
980,950,76
980,960,116
990,810,78
1000,880,84
1030,780,85
1030,910,74
1040,820,110
1040,880,99
1050,940,91
1060,810,73
1100,910,92
1120,960,103
1150,860,105
1150,890,97
1240,940,99
1250,940,106
1270,1230,97
1340,960,99
1360,560,77
1430,590,114
1530,700,116
1630,960,62
1660,990,91
1680,700,136
1750,820,81
1800,800,119
1810,1110,90
1880,970,82
2030,720,116
2110,1170,163
360,760,64
640,790,65
680,680,65
690,560,79
720,560,96
740,630,77
820,510,77
820,630,73
830,570,89
840,630,66
840,850,97
850,410,87
860,630,83
860,800,80
880,590,67
880,600,133
940,490,114
940,580,188
970,890,94
990,870,88
990,880,84
1020,830,80
1060,840,81
1060,900,76
1090,880,72
1090,940,64
1100,480,85
1100,960,97
1160,820,74
1170,500,94
1170,910,96
1190,500,87
1230,500,77
1270,970,73
1450,630,83
1450,960,73
1710,770,100
1760,940,93
1760,960,105
1790,830,111
1830,850,91
1900,780,98
2240,1150,94
2530,1220,82
460,600,67
590,750,66
610,580,67
610,610,69
630,790,100
680,580,74
700,580,84
710,580,72
800,1230,72
800,370,71
810,580,78
820,670,79
850,630,129
860,930,142
870,620,113
880,960,72
900,560,81
910,390,73
920,570,88
930,630,70
940,830,123
950,540,107
960,490,75
970,870,87
1000,860,71
1030,840,77
1030,870,91
1040,870,86
1040,950,103
1050,960,105
1060,470,72
1060,880,79
1100,1330,54
1110,880,86
1140,480,77
1140,500,111
1190,940,93
1230,490,84
1260,1250,116
1280,510,83
1650,770,86
1700,1270,69
1700,800,120
1700,970,63
1840,840,165
1920,820,75
2110,1020,84
2560,1190,189
2610,1250,112
340,660,50
510,640,213
570,820,75
600,620,82
620,790,70
640,290,67
640,860,79
680,560,78
690,580,120
700,560,83
710,860,65
740,570,124
770,370,64
770,590,91
840,370,67
850,930,71
890,620,79
970,470,71
980,500,75
1030,500,75
1030,530,64
1030,880,73
1040,860,98
1060,960,83
1070,860,67
1070,890,103
1080,820,94
1100,820,90
1100,860,84
1110,900,86
1120,850,66
1130,940,74
1140,850,92
1140,870,114
1150,850,112
1160,950,119
1190,950,68
1200,500,81
1250,480,120
1260,1310,76
1280,1290,77
1360,960,94
1420,970,105
1430,580,75
1460,630,129
1460,940,83
1480,650,92
1490,640,150
1700,790,140
1720,820,71
1820,940,139
2050,1010,88
2110,1120,77
350,670,61
360,320,54
570,740,73
600,570,104
610,650,72
700,280,60
760,780,76
790,780,74
810,1050,50
810,360,55
820,960,69
890,860,88
890,950,80
900,540,110
910,410,90
1050,790,54
1050,910,63
1060,460,126
1100,950,125
1110,870,79
1110,940,67
1140,900,71
1160,870,109
1170,890,126
1210,950,88
1270,1300,71
1270,1310,99
1280,500,110
1290,540,90
1420,590,73
1560,980,78
1650,990,89
1660,1020,91
1660,970,94
1700,820,72
1750,990,70
1780,820,87
1810,970,115
1890,990,68
2000,980,95
2110,1010,88
2130,1040,136
2560,1200,87
2560,1350,69
2610,1370,85
360,260,60
450,660,51
490,850,108
580,600,71
590,650,67
600,560,86
630,760,78
740,780,62
750,320,107
790,900,78
800,570,75
800,780,83
810,590,83
820,440,128
820,810,76
830,1150,75
830,630,66
840,600,167
840,660,78
840,910,65
850,570,113
870,560,85
870,670,83
870,860,84
880,900,71
910,780,85
920,880,72
940,1010,62
940,990,61
960,1000,61
960,440,81
970,450,103
980,890,85
1000,470,62
1000,810,70
1030,850,62
1040,910,77
1070,790,61
1070,820,68
1110,860,96
1150,870,74
1160,860,75
1180,870,76
1270,1290,125
1280,1260,83
1280,1280,101
1320,540,84
1440,1610,75
1440,540,112
1510,620,154
1520,600,84
1610,960,80
1640,970,78
1760,970,105
1800,960,92
1810,1100,98
1860,1060,77
1870,850,82
1900,1180,51
2050,950,73
2540,1010,86
2550,1290,72
2560,1210,77
300,420,59
350,700,53
360,350,58
390,580,54
40,10,52
590,560,71
620,630,67
640,890,53
690,1010,50
720,860,60
760,560,70
770,560,61
820,590,90
830,920,58
850,370,71
870,660,62
900,970,71
910,580,61
930,580,105
990,510,68
1000,890,74
1000,960,63
1050,860,77
1070,870,101
1090,860,80
1110,890,91
1170,940,113
1200,490,71
1260,1610,47
1470,970,69
1490,660,66
1490,970,85
1510,640,95
1560,700,81
1580,1020,70
1580,1040,77
1650,980,69
1700,1260,67
1700,980,107
1770,810,106
1790,1070,82
1840,850,94
1900,790,96
1930,880,156
2540,890,68
2550,1240,84
2560,1440,120
340,650,52
360,370,51
460,810,106
530,750,49
570,750,65
590,640,54
640,580,63
660,820,61
690,960,63
710,560,69
770,570,67
