Browser Size,Sessions,Pageviews
410x720,231490,285997
1900x940,128757,244655
380x550,109989,140119
1350x660,100524,154232
1260x580,96656,193744
1260x610,96278,177411
(not set),95195,119120
380x640,93748,117075
1900x970,88648,158464
1350x630,83589,136363
1520x720,78045,137956
1260x960,70899,81394
1520x750,68129,116960
410x620,46747,57228
390x660,42793,52999
1440x820,37693,60698
1370x620,33031,44225
1440x790,32462,54458
1350x770,30769,37420
360x560,30537,38085
410x710,29485,36546
360x630,27247,33787
360x650,25540,31589
360x670,23659,29595
380x630,23474,29712
1440x840,23134,33377
360x610,23102,29184
410x730,22860,28370
410x700,21682,27334
430x750,21434,25574
410x760,20980,25640
1280x720,19674,23245
1370x650,18851,25983
320x450,18274,23292
410x690,17987,22706
410x780,17704,21767
360x620,17365,22082
1900x880,17274,34026
1260x720,15915,17421
1440x730,15913,27614
380x540,15575,19557
1590x1200,14840,14973
1580x760,14651,25584
360x590,14025,17530
1580x790,13304,22199
1020x670,12736,17778
380x810,12258,13124
1900x910,12227,23590
360x660,12169,15092
1440x740,12074,20233
1440x710,12059,22375
1010x1020,11828,11951
410x750,11645,14370
1440x760,11405,19729
1350x600,11312,17586
1520x700,11286,18043
410x770,11087,13923
1440x720,10759,19028
1370x670,10357,13752
360x520,9870,12220
380x620,9649,12107
1260x520,9588,19250
360x600,9552,12073
1440x700,9494,17060
380x560,9262,11791
360x510,9169,11657
360x570,8909,11245
1260x550,8908,18612
1440x690,8902,15434
1350x570,8851,14282
1900x980,8847,15380
1440x750,8772,14588
1350x800,8707,15436
1520x670,8686,15731
1350x640,8316,12207
410x610,8313,10390
410x740,8299,10328
380x610,8131,10753
1420x760,7867,19723
1900x950,7647,13239
1260x620,7361,13259
1440x770,7317,14160
360x680,7273,9267
1660x910,6930,12935
390x670,6900,8815
1520x760,6704,11523
410x680,6632,8150
410x650,6571,8090
390x730,6546,8563
1350x650,6370,9950
380x720,6293,7663
1020x700,6281,8244
1260x590,6224,10085
1900x1060,6152,11361
360x640,6045,7501
410x790,6045,7497
410x600,5979,8240
380x580,5975,6822
1420x790,5935,12107
380x530,5912,8146
1260x880,5898,10037
1350x610,5875,9025
1260x910,5840,9641
320x490,5836,7456
1900x920,5808,9493
770x920,5803,8131
1280x690,5749,10108
1490x860,5725,10840
1440x800,5641,9905
1080x710,5576,7735
1520x730,5465,9945
1520x710,5443,8735
410x670,5343,6683
320x510,5297,6778
1260x560,5250,8941
1370x920,5242,8038
1430x790,5180,8696
1440x680,5088,9462
1490x890,5085,9266
1660x940,4951,8716
430x740,4898,5914
2540x1300,4600,7978
1350x700,4554,6622
320x440,4504,5770
1430x820,4464,7571
390x680,4435,6089
1350x670,4321,7108
1370x700,4285,5961
320x530,4280,5460
410x800,4225,5276
410x900,4164,5139
410x810,4140,5326
1110x730,4103,5946
390x720,4090,5029
1900x1010,4089,6686
1260x650,4056,6957
1900x930,4036,7435
1440x810,3948,6704
1920x970,3945,6170
1540x750,3892,5831
380x670,3802,4651
1260x660,3794,6325
380x730,3759,4665
1260x690,3753,6527
1920x940,3643,6090
1190x730,3632,5352
410x830,3632,4318
410x660,3608,4151
360x580,3598,4718
1280x630,3566,5952
1520x740,3554,5521
1900x1090,3550,6350
380x520,3502,4310
1280x610,3463,5928
1900x960,3437,5689
1280x650,3434,5792
1020x650,3426,5067
1280x740,3407,5340
1280x660,3381,5509
320x460,3332,4185
2540x1330,3324,5709
1430x730,3308,5943
1900x890,3305,6375
940x930,3242,5988
1300x580,3167,4316
1280x670,3156,5566
1540x710,3145,4524
1280x640,3137,5290
1430x710,3005,5679
360x700,3002,3894
1260x600,3001,5453
1520x790,2977,4712
410x590,2970,3783
1350x620,2969,4577
1370x660,2914,4425
1480x860,2905,5704
1430x720,2834,4981
410x630,2785,3544
790x600,2735,10267
1280x620,2682,4506
750x710,2629,4462
1520x660,2594,4690
940x960,2515,4212
1260x740,2513,3904
1430x740,2459,4504
1370x770,2447,3336
1430x690,2426,4510
320x560,2422,3175
320x480,2392,3021
800x600,2381,5802
1020x640,2379,3259
1430x700,2368,4523
380x490,2351,2690
380x650,2339,3112
390x650,2337,2946
1260x570,2336,4317
1430x760,2336,4551
1440x670,2333,4230
1280x700,2318,4005
320x570,2290,2910
360x690,2253,2873
750x740,2250,3985
1320x670,2245,3145
390x640,2228,2651
1350x580,2211,3520
810x980,2199,2968
1020x660,2193,3236
1480x890,2182,3676
1900x900,2168,3814
380x680,2150,2674
1420x730,2116,4364
1280x600,2113,3908
1340x630,2103,4215
320x540,2101,2753
1420x700,2094,4758
1320x750,2064,3408
1430x840,2061,3254
1280x710,2058,4102
1270x630,2052,4009
380x700,2024,2444
2030x1010,2021,4022
1440x660,2017,3748
380x500,1989,2509
1370x610,1979,2900
1370x690,1978,3077
1910x970,1972,3764
1350x710,1970,3373
1430x750,1956,3901
1430x770,1946,3638
1340x660,1924,2954
360x710,1907,2504
1350x750,1906,3227
320x520,1906,2436
1260x710,1897,3378
1690x820,1888,3448
770x950,1888,2690
380x590,1835,2171
1270x690,1824,3521
770x910,1824,2575
1270x720,1811,3200
1580x730,1796,3128
1300x610,1794,2606
320x580,1785,2367
1320x730,1778,3063
1270x650,1772,3103
1680x810,1760,4053
1840x980,1745,3608
710x820,1741,2576
1680x940,1739,2889
1200x650,1723,3053
1580x700,1714,3341
320x550,1708,2149
1260x530,1702,3200
1420x710,1673,3318
1010x660,1660,2546
1080x510,1652,3686
390x700,1647,2214
1420x690,1645,3409
1180x710,1633,2651
1250x590,1632,3008
1370x640,1624,2338
1250x560,1617,3090
1430x680,1617,2737
1370x910,1616,2516
1420x740,1600,2849
1520x780,1599,2628
430x730,1599,1992
1440x650,1589,2934
1520x690,1587,2741
980x1610,1586,2120
1330x730,1568,3371
1080x700,1561,2278
1080x740,1551,2294
420x810,1545,1953
1920x1080,1538,1737
1260x630,1537,2620
430x720,1537,1778
1500x730,1530,4468
1080x470,1526,3673
380x710,1522,1891
1300x630,1519,2229
1270x610,1514,2796
1280x580,1511,2733
1680x970,1495,2319
320x590,1495,1967
1440x780,1490,2344
1240x550,1487,2104
830x1010,1485,2233
1370x710,1482,2342
1370x630,1481,2226
1320x760,1456,2497
320x430,1450,1955
390x740,1444,1748
1420x750,1437,2591
1280x680,1430,2238
1420x720,1430,2455
410x840,1420,1773
1320x740,1417,2318
1400x680,1417,3504
1440x900,1408,2024
380x600,1407,1811
1920x930,1406,2220
1020x620,1403,2146
1280x590,1393,2570
1010x630,1390,2172
1020x770,1390,1620
1430x800,1388,2613
1520x820,1382,2580
1440x640,1379,2473
390x710,1354,1646
710x790,1353,2140
410x850,1347,1694
620x570,1329,2394
360x480,1328,1692
1270x670,1315,2484
1190x720,1304,2024
1320x700,1303,2259
660x650,1297,1881
1320x720,1296,2390
620x600,1289,2113
1920x1000,1288,2334
410x820,1272,1630
1920x960,1270,1856
1360x690,1269,2116
1110x720,1264,1908
1300x660,1248,2005
360x720,1232,1591
1580x800,1225,2127
1330x640,1224,2046
1540x720,1223,1960
1690x850,1221,2174
410x560,1202,1420
1260x750,1197,1764
1260x540,1196,2176
1280x760,1196,1796
660x620,1196,1803
2110x1040,1194,2621
1200x680,1193,2389
1290x700,1193,1848
1500x690,1181,3965
1260x730,1175,1975
1910x940,1172,2238
1270x620,1164,1999
1350x690,1164,2202
1420x800,1162,2285
1520x850,1161,2128
1410x710,1156,1994
1350x590,1152,2325
1330x700,1145,2314
1080x500,1138,1913
1350x740,1132,1971
2030x1040,1132,2189
1320x710,1124,1999
1580x770,1123,1720
1290x670,1117,1769
1910x1000,1117,1993
1260x700,1110,1886
1270x640,1108,2068
1020x680,1104,1537
1900x1000,1104,1993
1080x750,1088,1397
1410x720,1086,1928
830x1090,1086,1521
1270x660,1084,1857
1270x740,1084,1800
1410x740,1078,1831
1270x700,1069,1853
320x500,1066,1342
420x800,1066,1410
1420x680,1063,2115
1260x760,1059,1585
1400x730,1054,1900
1020x1260,1052,1575
1010x770,1051,1123
410x550,1051,1314
1030x1610,1047,1058
360x540,1047,1440
770x900,1045,1498
940x940,1043,1824
1410x700,1042,1931
1420x770,1042,1863
1310x630,1026,1540
1180x690,1025,1616
1440x860,1025,1531
750x750,1023,1704
750x720,1020,1621
1920x980,1019,1555
390x690,1019,1284
1660x850,1017,1967
1410x730,1011,1958
1270x600,1003,1874
1400x710,1000,1730
1220x580,998,1828
1200x620,996,1887
1410x690,994,1892
320x420,992,1280
1260x670,989,1917
1440x630,987,1967
1180x660,986,1702
1390x710,986,1758
1730x850,984,2006
420x780,980,1252
1200x840,978,1629
1420x850,976,1627
1020x690,974,1715
1400x640,971,2229
1260x860,969,1713
1680x880,969,1572
1350x730,965,1564
1540x760,965,1560
1200x700,963,1660
1910x950,963,1778
1080x480,958,1716
1270x710,957,1720
1240x580,950,1393
1380x690,944,1769
1260x640,942,1841
1380x710,939,1811
1220x610,938,2002
1330x610,938,2138
1420x820,934,1571
1910x980,934,1865
1110x760,931,1295
360x550,929,1127
1220x600,926,1838
1580x740,926,1478
1400x740,925,1727
1350x720,916,1571
1400x690,915,1630
1350x810,914,2553
380x510,903,1135
1240x600,902,1503
1370x950,902,1427
1200x670,900,1828
1390x740,897,1562
1350x680,894,1553
940x970,894,1455
1410x750,893,1521
1490x840,892,1675
1790x1040,892,1447
1680x990,887,1355
1260x820,880,1547
1660x880,878,1471
1580x720,875,1778
1320x770,873,1388
1400x720,872,1490
2540x940,872,1438
1680x910,870,1490
1790x1010,867,1610
1370x720,866,1619
1390x730,859,1476
770x960,859,1117
1230x570,858,1872
1370x730,858,1541
1370x760,858,1473
1330x740,856,1557
1490x800,852,1586
1110x710,851,1239
390x750,848,1030
360x530,845,1068
1430x810,838,1214
380x690,838,1073
380x770,838,1068
1020x610,837,1120
1340x730,834,1567
1520x680,833,1537
1270x590,829,1503
1330x710,829,1453
1380x740,823,1566
1370x600,818,1344
1400x700,813,1606
390x770,813,974
1190x700,809,1405
1310x710,808,1312
1470x750,807,1314
1460x760,804,1661
1380x720,802,1335
1380x730,800,1424
600x800,800,1099
1340x670,799,2032
1920x910,799,1293
1390x760,796,1390
1390x720,794,1492
1370x740,793,1409
1400x770,793,1412
1280x730,792,1330
1730x880,789,1636
420x760,788,992
1200x690,786,1528
600x840,785,1088
720x790,785,1310
1190x760,783,1204
1310x740,783,1368
1020x630,782,1119
1380x660,780,1558
1510x710,779,1239
1400x760,771,1323
1060x1610,768,1255
1420x670,768,1573
1260x680,767,1377
1910x1200,767,828
1200x730,766,1327
1690x800,764,1813
1310x730,763,1399
320x400,761,908
1310x720,760,1348
1340x710,758,1393
1360x720,758,1206
1580x780,757,1784
2540x1240,757,1330
1330x720,755,1309
1390x690,754,1265
1680x890,753,1298
1230x600,752,1354
1410x760,752,1460
600x830,752,946
1340x740,750,1371
1360x730,750,1361
720x840,750,1021
1400x750,749,1331
1680x860,747,1352
1360x710,746,1307
1360x740,745,1344
1600x1200,745,765
1390x700,744,1375
1340x700,734,1295
1920x950,733,1184
1020x730,732,1045
1180x750,732,1078
1540x790,729,1111
1250x600,728,1434
1260x920,726,1368
940x920,726,1140
1910x910,725,1457
1250x570,723,1563
720x820,723,1121
1240x650,718,1203
1240x700,714,1317
1680x920,714,1266
1440x830,710,1133
1200x750,706,1313
1310x750,706,1190
1390x750,706,1088
1430x670,706,1141
1250x610,705,1192
1300x730,704,1024
1380x760,702,1269
1310x660,701,1022
1680x950,697,1154
800x1240,692,1012
1410x680,690,1320
1330x750,689,1168
1310x700,688,1233
1340x690,687,1261
1290x730,686,1272
1340x720,686,1194
1650x970,686,1158
1180x700,685,1321
1680x870,682,1194
1200x740,679,1199
1860x970,679,1217
1250x630,677,1144
1840x1010,677,1136
1270x750,676,1304
1380x700,675,1181
1240x670,674,1122
1350x760,674,1241
1250x710,673,1153
1340x750,672,1173
810x970,671,977
1370x750,669,1268
1800x880,668,1396
510x670,668,887
1390x770,667,1130
1440x850,666,912
1300x710,665,1123
1180x740,663,1479
1360x700,662,1138
1380x750,661,1191
1190x710,659,1121
1140x610,658,1807
1420x780,654,1046
1110x770,653,839
1380x680,653,1194
1390x800,653,1202
380x750,650,808
430x840,649,760
810x1010,649,839
1920x1610,646,767
360x460,645,890
1510x740,642,1084
1340x650,641,1080
1150x560,640,1828
1250x640,639,1493
1360x750,639,1127
1320x690,638,1087
1040x660,637,760
1200x600,637,1167
1370x680,637,1087
1200x720,635,1167
820x1070,634,883
1330x690,632,1173
1410x770,632,1115
1080x680,631,957
1290x740,631,1169
1680x840,631,1155
770x1020,631,781
1290x710,630,1181
1430x660,630,1216
1370x890,626,999
1290x690,624,1017
1330x760,624,1087
1080x530,623,1568
1400x800,623,1003
1200x710,622,1117
1300x740,619,1043
1080x690,613,886
1270x730,613,944
1680x850,613,1211
410x580,613,776
1240x710,612,1124
1250x700,612,1083
420x790,612,797
1400x670,610,1066
1580x750,610,1035
1260x1290,607,1006
1300x720,607,1101
360x470,607,811
1370x900,605,932
1250x740,604,1076
1580x830,603,1032
1340x640,601,893
710x840,597,805
600x780,596,899
1020x570,595,1100
1020x750,594,923
1300x700,594,1012
1420x660,594,1257
1190x520,593,905
1410x670,592,1054
2540x970,592,946
360x740,591,659
430x810,589,670
1200x630,587,957
1270x580,587,1133
1280x570,586,1082
1660x920,586,1005
800x1090,585,1093
2560x1330,584,1034
1240x630,583,988
1300x750,581,995
1360x760,579,951
1250x670,578,1063
1150x590,577,1367
1200x660,577,1050
530x730,577,810
1240x590,576,1049
1900x870,576,1063
1350x780,575,1060
380x760,574,768
760x710,574,883
1310x690,573,1051
1280x750,569,918
1900x1030,567,996
770x930,567,870
680x610,565,778
1380x770,564,983
770x880,564,839
1250x650,561,953
1360x680,561,1134
1250x730,560,1040
1290x640,560,1744
400x300,558,621
2540x1250,556,1451
1240x660,553,1033
1230x670,551,1088
420x720,551,707
1250x580,550,1103
1430x650,546,1046
1790x950,546,913
1230x700,545,928
1290x720,544,966
1330x620,544,987
1190x650,543,989
1310x670,543,846
1340x620,542,819
1400x660,542,1085
1230x750,541,1150
1250x690,541,975
1330x680,541,1004
1230x710,539,1117
1920x1020,539,833
1370x960,537,686
620x610,537,967
1260x770,536,826
1410x660,536,1282
390x840,536,613
1680x770,535,1237
1330x650,534,927
1660x950,534,957
1340x680,533,942
1010x490,532,898
1190x550,531,977
1250x720,531,861
680x920,529,776
1390x680,525,1021
1340x760,524,879
1450x680,524,915
1330x630,523,910
1460x790,523,874
1200x640,522,971
1870x940,522,1182
1360x660,521,830
1650x1000,520,980
390x760,518,642
1020x720,517,1052
1370x570,517,855
1190x670,516,969
380x740,516,658
1190x690,515,892
670x620,514,770
2540x1270,513,1042
1350x790,512,915
770x940,512,711
1250x660,511,786
910x930,511,801
320x410,510,617
2610x1610,509,982
1240x740,508,874
1310x760,508,813
1600x760,508,767
1110x700,507,801
1250x750,506,997
1190x740,505,829
1450x760,505,989
2610x1300,505,860
350x640,505,538
1320x680,503,1004
2110x1080,501,1661
1790x1060,500,676
1440x620,499,836
1200x760,498,745
1600x940,498,922
1370x800,496,979
1510x750,496,1128
1900x1100,496,811
1270x680,495,833
1310x650,495,911
1220x590,494,924
1220x710,494,913
1230x690,494,847
380x660,494,655
1360x670,492,842
1910x890,492,892
1240x640,490,788
1390x660,490,1250
760x740,490,739
1250x620,489,960
1920x890,489,985
770x710,489,768
1220x700,488,898
1300x690,488,860
1900x990,486,710
1190x770,485,726
1600x790,485,753
1520x770,484,928
1890x920,483,864
1900x860,482,949
1680x830,481,850
390x630,481,657
1290x750,480,851
1310x620,479,872
830x1000,478,689
1210x710,477,852
1240x730,477,980
1380x670,477,1013
1280x800,475,764
1330x660,474,897
1230x740,473,888
540x710,472,620
720x730,472,692
1310x640,471,772
390x780,471,588
620x580,471,779
1240x690,470,883
420x830,470,586
1420x650,469,925
1680x900,469,830
1230x720,467,820
1360x630,467,856
720x710,467,758
1480x800,466,897
1190x560,464,729
1240x560,463,864
1260x900,463,788
1430x780,463,877
770x740,463,678
1240x720,460,819
1290x680,460,778
1310x680,460,719
1230x580,459,851
1240x620,458,756
1450x710,458,897
800x1110,458,667
1020x860,455,524
1380x800,455,868
1360x770,454,768
1150x530,451,837
1150x610,451,1013
1290x630,451,762
1230x610,450,915
1010x460,449,924
320x620,448,618
1480x720,447,795
1330x600,446,794
1420x830,446,1109
1140x540,445,714
1220x740,445,869
1240x610,445,875
1260x940,445,763
1920x880,445,888
1190x600,444,767
1830x980,444,827
380x780,444,515
1400x630,443,743
1860x940,441,783
1500x670,440,1241
670x660,440,620
1220x730,439,734
1210x720,437,763
1280x960,437,537
780x600,437,659
670x330,436,531
1080x650,435,580
1080x720,435,625
1600x970,434,794
1220x680,433,756
1250x680,433,719
1380x650,433,800
1200x590,432,742
1210x700,432,784
1230x650,431,772
1230x730,431,750
1660x890,431,667
1220x750,430,902
1330x770,430,679
1790x930,429,824
1320x810,428,796
1320x800,427,789
1790x980,427,751
1220x720,426,744
1180x670,425,912
1240x680,425,712
1230x640,424,781
1260x930,424,778
750x700,424,694
1340x610,423,736
700x670,422,575
1180x730,421,631
1220x690,421,677
1260x870,421,735
1220x560,419,844
1240x570,419,863
1010x710,418,717
700x790,417,653
1100x590,415,734
1320x610,415,685
1020x580,414,609
1140x720,414,700
1220x660,414,813
1260x890,414,634
1230x630,413,756
2540x1310,413,645
320x600,413,544
1200x820,412,630
780x750,410,639
1220x670,409,815
1140x650,407,1066
1230x590,407,750
1370x790,407,626
750x730,406,585
1320x660,404,693
1300x680,403,729
1910x900,402,731
830x1040,402,596
1310x770,401,710
720x740,401,618
1250x760,400,672
1020x590,399,696
1290x760,399,690
1320x640,399,664
410x860,397,463
800x1160,397,533
1520x910,396,666
2540x1340,396,597
420x630,396,484
800x330,395,527
1080x730,394,596
1280x560,394,709
1320x650,394,614
1400x650,394,711
1580x710,394,710
1660x900,393,682
1670x940,393,671
1320x780,392,614
1430x640,391,756
1140x580,390,787
1340x770,390,705
1900x1070,390,800
740x740,390,567
1170x710,389,813
1790x940,389,626
340x580,389,516
2610x1330,388,651
1010x650,386,568
1230x680,386,634
1790x900,386,674
420x850,386,481
770x890,386,523
1180x640,385,640
1200x770,384,657
1210x590,384,657
1290x650,384,950
600x860,384,496
1140x750,383,672
1180x720,383,624
1210x680,383,748
1410x650,383,842
680x640,383,551
1160x730,382,712
1220x620,382,652
1430x630,382,709
1100x710,381,628
1270x570,380,687
1280x770,380,626
1330x670,380,773
1370x590,380,733
670x380,380,483
800x1140,380,487
1220x550,379,737
1170x650,378,662
1790x910,378,784
1910x1020,378,636
2540x1290,377,738
1110x690,375,591
1080x520,374,639
1190x660,374,773
1230x620,374,587
1910x920,374,876
1490x900,373,634
230x290,373,515
340x620,373,439
1220x650,372,672
1410x800,372,769
600x920,372,557
1210x740,371,758
1890x950,371,593
1920x1010,370,577
1210x650,369,747
1240x750,369,639
1270x760,369,633
940x950,369,618
1920x920,368,598
670x790,368,624
670x760,367,593
1080x670,366,578
1260x1320,366,705
1210x730,365,620
1160x710,364,662
1190x620,364,633
1230x660,364,690
1200x610,363,724
1300x760,363,607
940x910,363,581
1520x880,361,675
600x790,361,538
1150x550,360,761
1260x850,360,602
390x610,360,492
710x730,360,495
1230x560,358,628
1170x700,357,719
1920x900,357,558
1920x1200,356,400
1350x550,355,556
720x750,355,495
1010x640,354,540
1170x740,354,576
1190x750,354,574
1690x920,354,594
1280x550,353,615
2560x1360,353,594
410x540,353,409
1110x740,352,573
1300x640,352,596
1480x830,352,624
740x710,352,522
1010x600,349,547
1150x710,349,595
1210x750,349,606
1290x660,349,628
1340x600,348,544
1590x760,348,623
1680x820,348,616
1210x690,347,616
1300x650,347,689
1500x700,346,636
1130x710,345,677
1320x630,345,643
1810x920,345,592
1300x670,344,594
1390x670,344,557
1700x1290,344,613
1370x580,343,896
1660x860,343,567
1410x790,342,563
1660x930,342,525
830x1050,342,451
1020x1020,341,372
1170x730,341,601
700x700,341,516
720x760,341,486
1280x880,340,445
1900x1040,340,581
340x630,340,401
1010x730,339,502
1180x650,339,602
1220x640,339,594
1320x620,339,680
1520x800,339,544
1580x1060,339,601
2560x1300,338,606
1010x620,337,576
780x710,337,751
1500x740,335,596
1520x860,335,572
1690x840,334,661
1080x490,333,650
1120x730,333,570
1190x640,333,579
1310x610,333,519
730x740,333,551
1320x790,332,614
1360x800,332,588
1020x710,331,535
1210x560,331,555
720x720,331,528
810x1020,331,415
1280x1610,330,330
1290x620,330,520
1370x880,330,517
940x870,328,614
1010x680,327,593
1040x740,327,569
1200x560,327,636
1210x670,327,636
1280x910,327,466
1140x710,326,574
1170x720,326,584
1170x750,326,537
660x610,326,400
1220x630,325,572
1420x810,325,481
1010x500,324,567
1170x570,324,682
1180x600,324,717
1690x960,324,521
420x770,324,398
780x740,324,502
830x1080,324,476
1260x950,323,522
1160x740,322,478
1360x640,322,574
1900x840,322,651
740x730,322,464
1020x1280,321,394
1900x1080,321,525
360x500,321,439
790x730,321,447
1010x470,320,888
1350x840,320,596
1400x790,320,585
1210x620,319,673
700x820,319,438
1180x860,318,509
1290x610,318,545
1670x920,318,630
740x720,318,680
770x870,318,392
1180x610,317,613
1200x580,317,567
1240x760,317,583
1360x650,317,478
1460x700,317,542
2380x1170,317,762
1010x610,316,576
1020x740,315,480
1110x610,315,562
1190x680,315,602
730x730,315,527
750x690,315,512
1020x540,314,582
1300x770,314,579
1270x1610,313,316
1420x640,313,554
1520x650,313,494
1910x880,313,626
1130x740,312,534
1140x740,312,520
1150x720,312,533
1160x750,312,555
1250x540,312,532
1150x660,311,649
1150x740,311,523
1210x660,311,561
730x710,311,489
1110x680,310,501
1220x570,310,717
1400x810,310,412
1670x870,310,574
1170x620,309,557
1190x630,309,537
1290x770,309,573
1110x750,308,474
1150x730,308,481
1260x510,308,551
1300x620,308,606
830x990,308,465
1910x860,307,721
1910x870,307,543
760x730,307,487
790x740,307,529
940x900,307,516
1480x750,306,550
390x620,306,375
1430x900,305,481
1840x950,305,588
1090x540,304,674
1250x550,304,555
420x740,304,391
1150x630,303,617
1150x700,303,578
1660x870,303,590
2030x950,303,593
1140x640,302,509
1480x870,302,477
1550x900,301,530
1160x720,300,572
1520x830,300,524
1890x900,300,539
760x750,300,448
1140x730,299,533
1210x640,299,523
350x570,299,400
600x870,299,362
800x1190,299,424
1180x620,298,529
1180x760,298,449
1680x960,298,498
660x640,298,507
1150x750,296,505
1160x700,296,492
730x750,296,424
770x730,296,458
1170x660,295,520
1340x570,295,556
1270x800,294,485
1590x770,294,521
1890x930,293,563
420x670,293,358
430x930,293,308
740x850,293,494
1160x650,292,608
1320x880,292,441
710x760,292,422
1210x610,291,511
1280x840,291,478
1510x720,291,610
1600x880,291,549
1690x760,291,598
360x730,291,347
780x730,291,445
1020x800,290,421
1170x690,290,499
1720x840,290,499
1020x1250,289,462
1140x700,289,605
1170x590,289,491
1320x600,289,602
1390x650,289,490
1140x670,288,675
1160x690,288,513
1190x610,288,583
410x640,288,377
320x610,287,435
750x760,287,411
1120x710,286,486
1170x560,286,506
320x470,286,353
770x750,286,431
800x740,286,479
1100x750,285,483
710x740,285,377
1230x760,284,458
1270x770,284,594
1350x560,284,484
990x920,284,432
1140x680,283,452
1180x680,283,549
1280x1020,283,289
1600x850,283,962
1740x890,283,636
1030x730,282,390
1090x730,282,450
1100x730,282,459
1140x690,282,500
1310x590,282,488
1670x880,282,441
1380x790,281,512
1790x920,281,500
1210x600,280,476
1420x630,280,512
1670x860,280,558
1790x960,280,498
1020x600,279,444
1030x710,279,466
1250x770,279,462
1790x1020,278,410
1080x450,277,503
1200x570,277,504
1670x840,277,450
1120x720,276,477
1180x570,276,514
1370x810,276,491
1540x740,276,453
740x750,276,418
1840x920,275,615
2540x1280,275,485
1120x700,274,471
1120x740,274,487
1450x790,274,434
790x710,274,420
1020x560,273,429
1080x590,273,462
1130x730,273,461
1090x710,272,474
1100x560,272,655
1270x560,272,466
1370x930,272,460
1690x860,272,495
1810x890,272,441
750x660,272,396
770x720,272,451
1150x690,271,497
1310x600,271,449
1390x790,271,511
930x920,271,576
1070x740,270,481
1370x780,270,567
1670x910,270,540
1100x740,269,517
1140x490,269,363
1180x630,269,398
1290x600,269,517
1340x800,269,525
1510x700,269,531
320x630,269,400
1130x720,268,452
1140x660,268,473
1200x800,268,394
1390x780,268,525
1490x870,268,478
1690x830,268,518
1110x640,267,412
1360x790,267,476
1380x640,267,564
1730x840,267,599
1910x960,267,440
810x740,267,408
1100x640,266,485
1190x590,266,518
1480x710,266,491
1580x1090,266,401
1790x990,266,404
1150x640,265,424
1390x810,265,446
1410x640,265,472
700x730,265,381
1150x650,264,482
1260x830,264,507
1520x640,264,420
1200x810,263,487
1910x930,263,535
1100x720,262,408
1010x700,261,433
1050x730,261,420
1100x630,261,446
350x600,261,317
1330x800,260,501
1670x970,259,408
810x950,259,362
1210x630,258,497
700x740,258,397
740x700,258,371
1050x710,257,473
1130x690,257,465
1330x590,257,402
1490x880,257,454
1920x1060,257,401
1160x660,256,500
1170x680,256,502
1260x800,256,455
1480x840,256,402
1010x480,255,487
1200x550,255,490
1400x780,255,429
700x750,255,367
720x700,255,362
1460x730,254,469
1490x930,254,397
960x560,254,412
1080x620,253,387
1210x760,253,413
340x490,253,346
1080x1610,252,479
1150x670,252,456
1190x570,252,441
1220x760,252,480
1300x600,252,524
1500x860,252,449
1180x770,251,444
1230x540,251,777
760x690,251,345
1050x750,250,483
1370x860,250,444
1590x790,250,471
1810x980,250,481
410x570,250,290
760x720,250,389
1120x650,249,432
1130x750,249,391
1140x630,249,513
1160x760,249,420
1320x860,249,385
1920x990,249,389
800x710,249,406
1060x710,248,448
1080x1340,248,319
1090x720,248,404
1140x600,248,565
1150x570,248,502
1230x550,248,542
1340x790,248,412
1920x870,248,443
550x730,248,338
590x730,248,343
940x1000,248,408
1010x670,247,380
1090x740,246,482
1100x700,246,377
1150x760,246,493
1410x780,246,396
1670x890,246,451
2550x1330,246,426
730x720,246,405
1140x520,245,346
1170x600,245,508
1500x710,245,410
1900x1050,245,465
1410x630,244,435
1540x860,244,422
710x750,244,346
1010x570,243,396
710x720,243,340
790x750,243,394
1170x640,242,429
1230x770,242,547
1450x740,242,440
1170x610,241,402
1380x780,241,502
1550x930,241,406
1010x750,240,409
1480x900,240,403
1920x1090,240,450
350x580,240,301
820x730,240,355
1010x720,239,397
1100x610,239,416
1320x940,239,327
700x710,239,315
710x710,239,303
960x430,239,400
1130x700,238,445
640x280,238,289
1050x700,237,389
1140x570,237,421
1280x540,237,474
1320x900,237,367
1380x630,237,439
1380x810,237,444
820x710,237,388
1010x1370,236,236
1160x620,236,385
1460x720,236,404
1690x780,236,435
770x990,236,275
1030x740,235,374
1030x750,235,378
1130x650,235,429
1690x790,235,472
680x660,235,379
770x860,235,313
920x460,235,311
1060x690,234,388
1180x590,234,375
1300x800,234,435
2180x1090,234,390
620x560,234,340
1040x710,233,411
1080x640,233,420
1130x600,233,454
1310x800,233,427
1410x810,233,418
1660x800,233,374
720x770,233,423
1120x680,232,446
1620x780,232,804
1020x1370,231,248
1120x620,231,377
1390x640,231,412
790x720,231,409
1160x630,230,384
1760x840,230,391
760x700,230,322
1070x710,229,431
1090x550,229,411
1120x750,229,377
1140x550,229,438
1160x640,229,384
1170x760,229,427
1440x600,229,525
740x690,229,353
810x730,229,382
1040x700,228,380
1140x620,227,410
1260x810,227,415
1330x580,227,474
1490x710,227,415
730x700,227,319
1010x690,226,369
1160x590,226,429
1370x840,226,379
1870x900,226,420
1050x740,225,342
1080x760,225,382
1100x650,225,446
1150x600,225,469
1170x670,225,435
800x750,225,389
1330x790,224,435
1580x810,224,334
2110x980,224,519
850x710,224,375
1120x690,223,364
1210x580,223,421
1440x610,223,372
2560x1380,223,360
830x970,223,398
1060x720,222,348
1060x740,222,377
1070x730,222,412
1080x460,222,367
1120x600,222,471
1160x600,222,482
1890x960,222,333
1010x740,221,364
1050x720,221,435
1140x760,221,409
1280x830,221,293
1430x860,221,348
1650x910,221,430
2380x1210,221,682
960x420,221,335
1090x700,220,406
1140x560,220,402
780x760,220,310
780x780,220,315
1180x550,219,423
1100x760,218,397
1110x670,218,390
1150x580,218,373
1260x790,218,352
1340x780,218,386
660x660,218,342
870x740,218,389
1160x680,217,364
1320x890,217,359
1460x690,217,426
1470x720,217,418
1620x760,217,332
1890x910,217,409
340x570,217,281
650x640,217,311
710x970,217,303
780x720,217,322
1120x630,216,404
660x600,216,326
1160x610,215,448
1450x720,215,353
1460x710,215,531
1660x840,215,489
1260x840,214,424
1590x810,214,420
430x710,214,265
1130x640,213,477
1130x760,213,454
1140x590,213,317
1160x670,213,421
1240x770,213,356
1360x780,213,323
1790x890,213,336
1090x690,212,360
1100x620,212,372
1490x810,212,310
1670x850,212,435
1670x950,212,362
2110x1050,212,531
830x740,212,328
1050x690,211,322
1060x730,211,364
1170x630,211,411
1620x810,211,366
1670x820,211,397
2030x990,211,365
490x840,211,250
730x760,211,322
850x740,211,366
1040x720,210,422
1210x570,210,444
1670x830,210,373
820x1110,210,281
860x710,210,381
1370x870,209,313
1410x820,209,354
1660x830,209,388
1150x680,208,407
1260x780,208,430
1460x740,208,422
1680x790,208,399
1780x1010,208,421
840x740,208,320
1030x720,207,301
1070x750,207,316
1110x800,207,273
1270x550,207,352
1300x1020,207,209
1680x930,207,348
810x750,207,342
820x740,207,286
1170x770,206,348
420x840,206,266
1120x640,205,396
1130x620,205,375
1130x630,205,333
1130x670,205,350
1400x620,205,392
1660x980,205,370
800x560,205,438
830x1110,205,247
1000x740,204,378
1080x810,204,312
1620x790,204,349
1060x750,203,334
1110x630,203,337
1520x810,203,384
1880x930,203,450
2540x1370,203,289
690x740,203,272
1100x600,202,278
1180x560,202,392
1280x780,202,344
1500x630,202,871
670x610,202,260
810x960,202,284
910x900,202,372
940x710,202,372
940x880,202,337
1250x500,201,378
670x650,201,247
730x690,201,287
810x710,201,315
840x750,201,277
1070x720,200,305
1130x610,200,319
1160x560,200,355
1190x580,200,381
1480x930,200,338
1580x880,200,421
1100x690,199,328
1150x620,199,325
1220x770,199,430
1710x810,199,315
1720x870,199,383
1900x830,199,349
2050x1040,199,368
740x760,199,283
830x1120,199,303
990x740,199,424
1000x710,198,320
1060x700,198,353
1130x680,198,359
1290x800,198,352
1670x900,198,359
1880x920,198,387
720x290,198,274
1110x650,197,345
420x710,197,260
720x690,197,301
1050x760,196,324
1180x540,196,419
1200x790,196,305
1280x810,196,279
1440x890,196,367
1780x910,196,386
1850x1010,196,668
630x600,196,315
900x740,196,309
1090x620,195,399
1090x760,195,339
1290x590,195,343
690x610,195,290
1060x580,194,395
1120x670,194,337
1300x570,194,297
1430x850,194,363
1650x890,194,379
2030x960,194,382
300x430,194,240
790x760,194,310
810x330,194,252
870x710,194,356
960x480,194,310
1040x730,193,325
1120x610,193,360
1250x800,193,328
1450x700,193,327
1600x800,193,519
1100x680,192,368
1190x800,192,341
1230x800,192,291
1240x540,192,366
1320x910,192,329
1360x610,192,350
600x980,192,292
1080x770,191,446
1090x660,191,338
1120x760,191,331
1320x590,191,303
1800x830,191,374
840x710,191,315
940x740,191,293
1040x650,190,314
1080x420,190,532
1130x560,190,398
1130x660,190,353
1170x530,190,321
2050x1070,190,307
2560x1250,190,344
710x700,190,311
980x740,190,299
1450x770,189,321
320x650,189,233
650x610,189,267
680x690,189,258
810x1080,189,240
1080x600,188,364
1220x540,188,366
1500x890,188,333
1780x980,188,345
1910x990,188,304
2030x1050,188,350
700x720,188,258
1020x530,187,335
1030x690,187,379
1030x700,187,361
1160x770,187,270
1700x1320,187,328
420x750,187,227
920x740,187,319
1080x560,186,331
1180x580,186,362
1210x770,186,370
1260x1300,186,317
1650x800,186,289
230x250,186,244
700x690,186,297
800x730,186,255
1010x580,185,297
1020x1300,185,258
1070x690,185,357
1070x700,185,292
1310x810,185,317
1390x630,185,266
1680x800,185,271
410x500,185,223
860x730,185,261
970x710,185,470
1110x600,184,336
1420x620,184,302
1450x750,184,310
1470x710,184,271
1760x890,184,449
720x800,184,294
770x700,184,278
780x700,184,281
830x1060,184,286
990x710,184,290
1190x540,183,340
640x640,183,219
820x750,183,283
1080x540,182,272
1080x790,182,320
1110x620,182,359
1150x520,182,293
1280x870,182,351
1430x620,182,363
1500x720,182,372
1650x920,182,338
1650x940,182,337
740x880,182,279
950x710,182,304
1000x650,181,252
1090x750,181,271
1780x950,181,391
1860x910,181,337
760x760,181,256
810x720,181,310
930x950,181,286
970x740,181,296
1040x690,180,326
1090x500,180,316
1090x650,180,295
1600x950,180,313
1630x890,180,303
1730x890,180,345
1730x920,180,634
1740x880,180,389
1810x870,180,339
1860x980,180,300
700x760,180,250
860x740,180,263
900x750,180,283
950x730,180,265
1120x550,179,285
1830x1010,179,280
830x1130,179,260
1090x610,178,264
1120x570,178,376
1310x790,178,349
1580x840,178,378
690x730,178,269
780x690,178,271
890x750,178,294
1100x670,177,361
1410x900,177,379
1780x900,177,333
1780x930,177,369
680x790,177,262
770x540,177,307
1010x590,176,357
1040x1610,176,179
1310x880,176,301
1600x820,176,297
1600x910,176,273
1640x870,176,359
1730x860,176,384
660x590,176,248
800x720,176,307
950x930,176,257
1100x570,175,348
1130x570,175,367
1490x740,175,311
830x730,175,269
1120x590,174,284
1490x760,174,311
2050x1090,174,288
390x520,174,206
620x590,174,268
670x280,174,257
1020x1240,173,350
1360x620,173,306
2560x1310,173,337
830x710,173,293
910x710,173,312
1050x650,172,332
1150x770,172,320
1360x600,172,319
1370x940,172,239
1510x730,172,254
1750x850,172,328
300x410,172,211
650x600,172,260
980x710,172,341
1170x540,171,332
1200x860,171,391
1340x590,171,256
1430x830,171,280
1470x740,171,310
1650x840,171,295
1710x860,171,248
1780x940,171,251
1790x860,171,486
2560x1270,171,264
670x640,171,259
670x700,171,284
690x710,171,269
930x710,171,322
1000x730,170,275
1130x550,170,323
1210x550,170,320
1260x500,170,298
1450x690,170,387
1490x850,170,266
1500x680,170,364
810x920,170,220
900x710,170,305
960x920,170,310
1190x790,169,258
1220x530,169,306
1250x860,169,315
1280x520,169,318
1360x810,169,326
1370x850,169,302
1480x880,169,300
730x850,169,238
780x560,169,284
820x720,169,253
850x730,169,272
1170x580,168,287
1180x820,168,259
1270x790,168,492
1290x810,168,323
1370x1020,168,254
1420x840,168,270
1480x730,168,280
1500x850,168,357
1890x940,168,240
510x650,168,240
890x740,168,249
910x740,168,259
920x710,168,272
940x700,168,262
940x720,168,266
950x740,168,284
980x1450,168,201
990x640,168,304
1090x630,167,285
1120x660,167,297
1130x580,167,316
1330x780,167,316
1370x560,167,304
1600x920,167,299
380x40,167,179
390x800,167,201
840x730,167,239
870x720,167,307
880x730,167,283
960x570,167,240
1000x720,166,298
1060x560,166,253
1150x540,166,360
1200x540,166,375
1450x730,166,283
1460x750,166,258
1600x750,166,318
1910x1010,166,216
350x620,166,243
410x40,166,180
710x690,166,244
790x700,166,247
830x750,166,242
960x960,166,207
970x620,166,255
990x610,166,271
1040x750,165,267
1090x460,165,215
1090x510,165,264
1230x520,165,329
1270x870,165,216
1680x780,165,331
1730x800,165,307
600x820,165,235
930x740,165,266
1120x470,164,520
1290x790,164,276
1300x790,164,290
1370x1610,164,254
1560x770,164,379
1630x810,164,380
1630x850,164,454
320x370,164,196
770x690,164,260
880x750,164,224
890x730,164,227
960x470,164,230
1030x580,163,322
1070x760,163,290
1080x630,163,272
1110x590,163,273
1180x790,163,275
1240x800,163,334
1320x920,163,303
1380x610,163,332
1380x910,163,295
1410x620,163,327
340x460,163,202
690x640,163,244
970x720,163,318
1050x600,162,348
1070x610,162,296
1070x650,162,352
1070x680,162,334
1200x900,162,281
1340x810,162,279
1460x810,162,332
1540x850,162,281
1800x850,162,409
970x730,162,242
980x720,162,265
1070x510,161,250
1090x580,161,302
1120x540,161,238
1130x590,161,506
1180x840,161,312
1260x1330,161,293
1470x870,161,265
1520x870,161,242
1610x890,161,391
1870x970,161,244
670x320,161,203
940x730,161,237
1020x550,160,258
1060x610,160,242
1220x800,160,237
1260x1280,160,288
1480x850,160,354
1490x720,160,255
1690x810,160,242
340x540,160,183
600x890,160,192
680x730,160,245
820x700,160,253
830x940,160,223
880x710,160,252
880x740,160,265
1080x570,159,259
1140x770,159,334
1250x530,159,263
1250x920,159,315
460x870,159,195
660x690,159,194
680x740,159,225
800x700,159,264
850x720,159,271
1110x660,158,252
1590x800,158,271
360x420,158,236
940x750,158,244
960x730,158,248
1050x680,157,268
1520x890,157,292
1570x740,157,255
1620x860,157,262
1670x810,157,240
1890x890,157,245
600x900,157,217
690x720,157,224
810x700,157,284
850x750,157,227
930x930,157,259
960x740,157,254
1040x590,156,312
1160x570,156,353
1190x830,156,222
1200x780,156,247
1210x800,156,287
1340x580,156,288
1480x740,156,245
1690x910,156,367
1870x930,156,295
1880x900,156,285
710x1000,156,230
730x880,156,288
780x330,156,235
880x720,156,237
1020x760,155,241
1030x610,155,281
1490x790,155,265
1520x840,155,247
1830x950,155,239
770x760,155,217
930x790,155,284
950x720,155,222
1090x640,154,226
1110x560,154,300
1130x770,154,273
1570x890,154,329
1590x900,154,229
1650x900,154,239
1900x1020,154,270
1900x1130,154,258
700x640,154,234
750x780,154,223
750x790,154,213
790x690,154,261
990x720,154,225
1000x700,153,300
1060x620,153,298
1060x760,153,281
1250x900,153,270
1470x840,153,300
1510x800,153,296
1540x700,153,256
1630x870,153,271
1640x920,153,292
1650x820,153,278
1790x880,153,261
1890x840,153,268
1920x860,153,234
650x650,153,241
720x680,153,210
770x1000,153,243
1040x620,152,257
1040x640,152,246
1150x800,152,263
1270x900,152,242
1600x770,152,267
1650x880,152,260
1890x870,152,269
300x370,152,173
670x800,152,239
950x960,152,220
960x950,152,217
1070x660,151,269
1310x780,151,293
1640x850,151,302
1650x860,151,269
340x590,151,210
680x650,151,346
680x750,151,217
800x850,151,462
820x1180,151,181
920x730,151,243
970x750,151,211
990x660,151,264
1040x670,150,229
1210x840,150,215
1270x890,150,268
1510x830,150,235
1780x1040,150,234
1780x920,150,270
420x820,150,208
680x620,150,176
690x750,150,204
910x730,150,247
950x950,150,278
980x750,150,259
1050x640,149,270
1060x590,149,377
1240x860,149,373
1280x790,149,294
1430x890,149,389
1780x890,149,319
1810x900,149,216
660x630,149,217
890x710,149,275
960x930,149,226
980x920,149,235
1000x750,148,260
1040x680,148,238
1060x660,148,317
1070x640,148,225
1120x530,148,282
1420x900,148,241
1470x760,148,311
1540x820,148,338
1590x740,148,249
820x1060,148,225
840x760,148,229
960x700,148,258
1090x600,147,277
1410x840,147,265
1530x750,147,254
1540x780,147,263
1710x840,147,245
1790x970,147,244
1900x850,147,219
690x280,147,193
910x720,147,240
930x760,147,229
1030x620,146,279
1080x550,146,249
1080x610,146,240
1250x870,146,294
1320x870,146,275
1330x810,146,248
1420x890,146,247
1700x870,146,284
1790x870,146,281
1890x880,146,235
2560x1340,146,212
340x520,146,172
360x300,146,183
670x730,146,209
700x650,146,276
700x840,146,188
800x760,146,203
820x760,146,256
830x760,146,230
920x720,146,270
1070x500,145,234
1110x580,145,285
1490x830,145,252
1620x840,145,257
1630x880,145,260
1860x900,145,224
1910x1090,145,244
2540x880,145,301
630x720,145,185
690x700,145,221
870x730,145,222
990x750,145,228
1030x600,144,359
1060x650,144,269
1100x660,144,281
1300x590,144,220
1420x860,144,257
1480x760,144,225
1490x690,144,259
1580x690,144,300
1590x870,144,279
1600x730,144,304
1680x740,144,567
1750x860,144,210
600x930,144,206
710x770,144,243
830x720,144,227
890x720,144,259
990x630,144,192
1060x680,143,284
1070x670,143,261
1110x830,143,212
1270x540,143,287
1310x940,143,219
1330x550,143,234
1500x750,143,371
1540x920,143,258
1570x770,143,249
1580x860,143,279
1600x900,143,232
1820x980,143,293
2550x1360,143,200
460x800,143,191
750x640,143,185
960x710,143,205
980x730,143,256
1060x600,142,253
1690x870,142,228
340x600,142,167
670x770,142,239
830x1190,142,170
870x700,142,265
1180x1610,141,230
1280x530,141,309
1380x620,141,224
1400x930,141,326
1590x820,141,268
1620x890,141,326
1730x830,141,285
1800x870,141,243
1870x950,141,227
2030x1020,141,252
380x570,141,168
640x690,141,235
680x710,141,267
840x390,141,265
990x600,141,275
1020x490,140,266
1050x610,140,232
1060x640,140,271
1100x580,140,314
1270x910,140,261
1320x580,140,224
1330x570,140,212
1510x690,140,243
1540x730,140,256
1580x890,140,256
1600x840,140,227
1880x910,140,255
1890x860,140,259
2550x1310,140,330
640x740,140,206
650x620,140,225
670x740,140,196
680x760,140,177
800x1170,140,172
930x720,140,302
950x920,140,197
990x730,140,215
1010x530,139,195
1100x770,139,230
1310x580,139,186
1350x530,139,270
1470x780,139,217
1570x860,139,236
1590x890,139,310
1640x950,139,223
1670x790,139,213
1680x750,139,218
1880x950,139,251
1890x1000,139,179
630x690,139,206
640x720,139,199
860x700,139,292
860x720,139,254
870x750,139,219
890x700,139,241
960x720,139,291
1030x760,138,220
1050x490,138,218
1050x660,138,239
1050x670,138,254
1160x800,138,246
1170x800,138,222
1250x810,138,254
1690x940,138,269
1780x870,138,281
1850x920,138,231
1860x930,138,284
2030x980,138,248
230x280,138,242
680x600,138,200
700x770,138,204
720x810,138,214
920x700,138,226
950x700,138,248
980x700,138,257
1080x580,137,236
1250x790,137,311
1450x810,137,268
1600x780,137,208
1640x860,137,211
1640x890,137,237
640x600,137,200
900x730,137,200
930x730,137,245
990x700,137,221
1000x690,136,275
1010x440,136,218
1070x630,136,222
1160x580,136,221
1300x780,136,220
1550x880,136,288
1550x920,136,232
1630x860,136,211
380x1610,136,150
680x720,136,191
780x790,136,201
860x750,136,225
940x760,136,204
950x750,136,219
990x590,136,216
1120x560,135,266
1250x780,135,223
1390x620,135,213
1410x860,135,270
1430x930,135,200
1450x800,135,229
1540x770,135,204
1540x880,135,207
1550x890,135,292
1610x860,135,212
1630x910,135,239
1650x950,135,182
1660x820,135,228
350x650,135,197
910x700,135,219
960x750,135,178
970x700,135,264
1040x760,134,238
1100x550,134,209
1180x800,134,250
1470x790,134,227
1480x810,134,238
1510x760,134,270
1580x920,134,222
1590x840,134,274
1620x910,134,244
1670x960,134,238
2540x1320,134,251
350x630,134,161
880x700,134,209
900x720,134,223
940x890,134,236
1090x770,133,257
1350x540,133,276
1390x820,133,276
1580x900,133,286
1600x810,133,289
1630x920,133,211
1830x920,133,214
410x30,133,141
630x590,133,187
640x570,133,242
740x410,133,178
830x700,133,256
1090x680,132,201
1130x800,132,258
1270x880,132,242
1280x920,132,206
1300x830,132,185
1460x860,132,211
1510x790,132,211
1570x880,132,319
1590x880,132,251
1630x900,132,232
1690x930,132,231
1870x920,132,211
350x490,132,157
690x650,132,263
840x720,132,201
1070x590,131,215
1090x670,131,204
1120x580,131,319
1470x890,131,255
1490x820,131,293
1500x830,131,254
1690x900,131,245
380x440,131,150
650x570,131,177
710x810,131,254
760x680,131,198
760x770,131,181
810x410,131,222
830x980,131,198
910x640,131,217
910x750,131,192
1070x600,130,226
1070x620,130,236
1110x570,130,242
1470x860,130,201
1480x910,130,239
1520x900,130,234
1540x830,130,224
1580x870,130,210
1590x780,130,237
1600x860,130,216
850x690,130,231
1010x560,129,229
1030x560,129,255
1040x610,129,268
1050x620,129,240
1240x790,129,247
1490x730,129,193
1670x990,129,226
480x590,129,766
900x420,129,319
1080x660,128,220
1180x530,128,194
1250x930,128,286
1290x580,128,205
1450x660,128,284
1540x870,128,251
1600x830,128,214
1860x920,128,282
2550x1300,128,220
340x420,128,444
360x290,128,146
620x650,128,216
740x770,128,247
890x760,128,200
900x700,128,201
920x750,128,223
1030x570,127,232
1050x460,127,181
1250x510,127,248
1250x840,127,268
1480x790,127,273
1490x700,127,177
1500x870,127,262
1640x840,127,248
1640x880,127,210
1650x870,127,209
1750x880,127,244
1870x910,127,232
340x610,127,146
60x20,127,128
620x640,127,178
770x770,127,196
780x770,127,182
800x690,127,213
1020x1290,126,197
1030x680,126,193
1060x530,126,212
1090x570,126,264
1120x500,126,240
1300x810,126,232
1470x700,126,195
1510x840,126,243
1530x890,126,221
1550x840,126,221
1620x920,126,283
1660x810,126,237
1670x930,126,250
690x670,126,180
1050x770,125,205
1270x920,125,215
1470x850,125,215
1470x880,125,209
1480x680,125,235
1590x910,125,190
1640x910,125,188
1710x900,125,336
1750x830,125,185
750x770,125,211
950x690,125,199
960x690,125,192
1000x640,124,273
1030x670,124,204
1050x590,124,175
1090x520,124,254
1120x770,124,237
1130x540,124,189
1200x850,124,212
1250x520,124,213
1510x650,124,211
1560x860,124,197
1560x880,124,252
660x560,124,208
680x910,124,174
800x540,124,194
980x620,124,208
990x620,124,204
1040x630,123,224
1070x580,123,248
1180x510,123,185
1270x810,123,180
1290x780,123,206
1310x890,123,234
1310x910,123,220
1320x840,123,208
1370x830,123,209
1420x610,123,226
1470x730,123,195
1510x680,123,220
1850x910,123,278
620x550,123,181
690x760,123,186
700x300,123,133
730x770,123,175
810x940,123,160
840x410,123,224
850x700,123,196
860x760,123,195
990x690,123,191
1010x760,122,150
1020x510,122,260
1320x950,122,230
1330x560,122,191
1420x870,122,202
1430x880,122,275
1460x870,122,233
1540x890,122,189
1590x850,122,245
1610x870,122,240
1610x910,122,214
1650x850,122,204
630x570,122,218
670x600,122,190
670x710,122,207
670x750,122,189
830x1030,122,172
900x440,122,228
940x690,122,189
990x760,122,171
1040x600,121,190
1170x550,121,207
1280x860,121,196
1310x860,121,227
1350x910,121,211
1410x890,121,198
1450x830,121,194
1510x910,121,236
1620x870,121,203
1850x940,121,253
1860x950,121,280
340x500,121,164
790x770,121,187
830x690,121,159
910x760,121,191
930x750,121,185
950x940,121,238
990x680,121,163
1000x590,120,201
1010x1010,120,195
1010x520,120,183
1020x410,120,152
1020x880,120,207
1040x1060,120,180
1060x670,120,216
1070x570,120,237
1140x530,120,281
1270x960,120,155
1280x890,120,219
1440x590,120,212
1460x890,120,187
1490x750,120,235
1510x890,120,230
1550x860,120,253
1570x760,120,211
1620x880,120,200
1700x1280,120,197
1710x870,120,220
1760x860,120,256
2540x950,120,192
770x850,120,145
810x690,120,210
840x690,120,229
840x700,120,175
1010x800,119,180
1030x590,119,247
1050x560,119,223
1160x540,119,192
1290x840,119,198
1310x840,119,174
1370x980,119,181
1380x860,119,256
1380x870,119,210
1380x940,119,198
1390x610,119,315
1390x900,119,194
1450x840,119,185
1450x860,119,221
1500x800,119,268
1500x840,119,211
1600x890,119,227
1610x850,119,242
1620x900,119,244
1650x830,119,215
570x320,119,153
660x740,119,202
680x820,119,170
740x790,119,169
820x690,119,178
870x690,119,228
930x960,119,177
1020x480,118,191
1030x650,118,202
1090x590,118,212
1280x900,118,211
1360x590,118,202
1400x840,118,232
1450x880,118,278
1470x910,118,237
1490x920,118,248
1510x920,118,224
1520x620,118,281
1540x800,118,193
1570x870,118,224
1760x880,118,202
2550x1340,118,195
370x740,118,128
460x820,118,145
630x610,118,151
730x790,118,174
1000x620,117,229
1030x660,117,171
1040x770,117,247
1140x800,117,162
1260x1230,117,306
1320x930,117,170
1440x870,117,187
1500x770,117,243
1530x860,117,241
1600x870,117,201
1830x900,117,198
1840x930,117,217
1840x940,117,297
430x820,117,149
570x590,117,635
850x760,117,160
990x570,117,174
1000x600,116,218
10x10,116,174
1160x550,116,226
1180x780,116,238
1210x540,116,216
1340x870,116,228
1390x870,116,196
1410x930,116,247
1420x880,116,247
1450x890,116,249
1460x800,116,269
1480x700,116,239
1510x860,116,293
1530x770,116,209
1530x920,116,196
1550x750,116,216
1550x850,116,217
1730x820,116,258
1810x1010,116,202
2030x1000,116,186
630x560,116,181
810x760,116,219
870x760,116,174
970x590,116,235
1040x580,115,182
1390x840,115,243
1430x950,115,225
1530x880,115,283
1570x840,115,175
1770x900,115,263
2540x980,115,226
330x550,115,148
590x710,115,162
730x680,115,175
910x600,115,205
960x940,115,244
970x690,115,209
1270x780,114,241
1410x610,114,179
1550x760,114,194
1570x780,114,174
1730x870,114,221
1780x880,114,178
2030x940,114,210
2110x1220,114,761
2550x1270,114,178
640x620,114,147
1050x500,113,186
1050x570,113,193
1090x560,113,179
1100x530,113,200
1110x550,113,225
1350x830,113,169
1400x580,113,244
350x590,113,152
360x450,113,150
650x590,113,166
660x730,113,145
660x750,113,181
690x600,113,164
920x760,113,177
1000x760,112,191
1010x550,112,173
1020x1410,112,136
1020x500,112,203
1030x640,112,167
1040x500,112,194
1110x810,112,155
1200x530,112,206
1280x820,112,206
1330x900,112,230
1350x820,112,209
1360x820,112,215
1500x900,112,184
1540x840,112,206
1540x900,112,190
1690x770,112,201
1690x890,112,192
1700x890,112,279
1790x1030,112,178
1850x900,112,219
2000x1020,112,213
670x630,112,150
700x610,112,151
910x880,112,200
930x700,112,194
950x760,112,161
1010x540,111,199
1070x470,111,229
1100x800,111,173
1240x900,111,245
1330x890,111,224
1370x990,111,140
1410x870,111,205
1430x910,111,248
1450x820,111,185
1460x680,111,181
1510x930,111,181
1530x740,111,252
1570x900,111,188
1600x930,111,205
1630x830,111,189
1750x910,111,204
1790x840,111,169
1850x950,111,186
1910x850,111,193
1920x1030,111,238
1920x1120,111,179
530x500,111,412
960x510,111,181
990x650,111,154
1060x770,110,182
1140x510,110,332
1320x850,110,229
1380x930,110,214
1470x900,110,185
1510x780,110,192
1510x810,110,180
1540x910,110,214
1560x870,110,203
1610x880,110,204
1630x840,110,210
320x690,110,124
700x680,110,152
720x380,110,156
740x890,110,134
1000x630,109,182
1010x510,109,206
1040x570,109,197
1180x850,109,172
1200x890,109,196
1220x910,109,220
1250x890,109,176
1330x870,109,230
1470x830,109,187
1480x780,109,208
1540x940,109,200
1590x860,109,161
1690x740,109,282
1880x940,109,211
320x1200,109,149
630x620,109,154
770x970,109,166
840x840,109,271
920x690,109,184
980x760,109,164
1000x610,108,167
1050x630,108,161
1100x520,108,150
1180x810,108,193
1210x780,108,169
1310x900,108,184
1340x840,108,224
1350x880,108,197
1380x880,108,193
1400x900,108,253
1470x930,108,206
1560x840,108,225
1590x830,108,198
1640x930,108,168
1710x930,108,176
1770x890,108,152
1840x890,108,198
390x560,108,142
430x770,108,119
430x880,108,128
510x700,108,165
700x620,108,148
810x990,108,139
1210x790,107,176
1430x920,107,202
1460x830,107,176
1550x870,107,160
1610x900,107,192
1610x920,107,171
1620x940,107,196
1620x950,107,181
1640x900,107,178
1700x860,107,223
1800x860,107,279
1810x910,107,148
330x540,107,142
490x830,107,153
750x310,107,145
800x1200,107,160
990x560,107,194
1000x670,106,223
1060x510,106,213
1070x560,106,217
1280x950,106,199
1310x560,106,218
1340x860,106,164
1350x890,106,174
1380x850,106,188
1440x880,106,196
1450x900,106,180
1540x670,106,230
1560x890,106,211
1560x920,106,200
1580x910,106,172
1590x920,106,185
2030x970,106,162
2560x1230,106,258
300x390,106,123
330x560,106,116
460x850,106,150
640x610,106,143
770x790,106,156
890x690,106,155
900x610,106,169
1190x810,105,214
1230x900,105,198
1240x780,105,168
1270x930,105,202
1300x880,105,161
1350x920,105,187
1360x920,105,209
1420x920,105,211
1460x880,105,165
1480x820,105,203
1500x810,105,206
1500x880,105,180
1500x920,105,219
1520x920,105,205
1530x850,105,160
1570x910,105,194
1630x950,105,192
1640x940,105,178
1740x930,105,149
1870x980,105,172
620x620,105,144
670x690,105,157
700x660,105,147
710x800,105,221
840x810,105,145
940x770,105,158
950x970,105,172
960x460,105,146
960x760,105,168
980x690,105,177
1200x920,104,174
1240x910,104,211
1400x600,104,277
1410x880,104,189
1460x840,104,193
1540x950,104,207
1580x850,104,202
1630x940,104,155
1650x790,104,181
1760x910,104,187
1800x890,104,230
1800x930,104,209
1830x890,104,242
380x450,104,131
750x650,104,204
860x690,104,190
910x690,104,170
990x950,104,186
1110x1380,103,131
1240x930,103,234
1340x900,103,186
1350x900,103,200
1400x610,103,230
1440x920,103,192
1460x930,103,215
1500x930,103,181
1530x720,103,162
1540x810,103,201
1690x970,103,173
1850x930,103,218
2550x1250,103,194
530x770,103,138
760x790,103,175
790x680,103,147
900x690,103,222
960x680,103,181
970x760,103,170
980x670,103,238
1000x660,102,210
1090x530,102,217
1200x520,102,161
1230x790,102,186
1310x930,102,211
1410x920,102,237
1450x850,102,229
1460x900,102,189
1480x690,102,168
1710x890,102,173
1750x890,102,223
1830x930,102,190
1880x890,102,233
2180x1130,102,138
2280x820,102,187
230x260,102,179
430x690,102,121
710x650,102,217
890x770,102,158
900x760,102,165
910x650,102,159
910x920,102,166
940x680,102,176
960x770,102,166
970x660,102,147
1000x680,101,228
1020x520,101,232
1020x930,101,168
1030x770,101,144
1050x440,101,196
1060x570,101,221
1160x530,101,184
1230x930,101,178
1250x850,101,218
1280x930,101,155
1370x820,101,170
1400x850,101,209
1460x770,101,199
1510x850,101,220
1560x740,101,290
1560x930,101,184
1570x810,101,174
1570x920,101,182
1590x730,101,148
1610x840,101,191
1630x800,101,172
1690x950,101,198
1720x880,101,243
1720x930,101,163
1740x860,101,220
1820x920,101,182
1850x890,101,178
1900x820,101,181
410x1610,101,113
540x740,101,128
640x560,101,219
660x710,101,157
670x720,101,146
710x680,101,169
1080x780,100,136
1110x530,100,218
1220x780,100,258
1230x530,100,165
1250x880,100,173
1250x910,100,221
1270x860,100,206
1360x850,100,215
1400x820,100,208
1440x1080,100,112
1460x780,100,165
1560x850,100,196
1570x750,100,156
1650x930,100,145
1660x960,100,203
1730x930,100,223
2560x1260,100,177
480x730,100,122
720x320,100,148
940x1050,100,137
940x410,100,132
950x680,100,193
950x910,100,184
1010x1000,99,154
1070x770,99,196
1150x510,99,238
1200x1200,99,104
1310x920,99,152
1330x880,99,165
1350x860,99,192
1440x910,99,179
1530x900,99,188
1530x930,99,186
1590x930,99,232
1730x900,99,185
1750x870,99,152
1760x900,99,172
1820x890,99,171
1880x870,99,228
2560x1220,99,138
590x600,99,144
690x620,99,120
720x640,99,135
900x910,99,132
920x930,99,203
970x640,99,184
980x600,99,160
980x640,99,135
1030x550,98,210
1050x550,98,202
1090x490,98,162
1110x540,98,180
1240x810,98,141
1270x830,98,280
1290x570,98,207
1300x920,98,145
1320x960,98,197
1330x850,98,185
1340x560,98,148
1390x880,98,204
1420x950,98,201
1450x670,98,144
1470x820,98,179
1480x920,98,187
1510x820,98,167
1530x950,98,193
1570x820,98,194
1590x700,98,216
1750x900,98,192
1750x930,98,152
1780x860,98,166
1790x850,98,170
1890x800,98,155
620x690,98,181
630x650,98,128
720x650,98,157
740x320,98,128
740x680,98,174
750x620,98,155
810x770,98,164
940x640,98,187
940x980,98,173
960x530,98,141
970x480,98,139
1060x630,97,174
1120x510,97,192
1230x880,97,169
1290x860,97,182
1360x1000,97,199
1360x580,97,164
1360x860,97,208
1380x890,97,163
1430x870,97,150
1490x770,97,187
1530x760,97,141
1530x800,97,170
1620x850,97,139
1840x970,97,169
1870x960,97,217
640x630,97,141
640x650,97,137
650x630,97,132
740x650,97,220
770x680,97,139
930x690,97,201
970x580,97,190
970x630,97,155
1030x800,96,149
1100x930,96,174
1150x790,96,171
1190x1480,96,124
1190x870,96,177
1240x530,96,193
1350x930,96,160
1360x840,96,186
1360x890,96,150
1400x920,96,176
1410x850,96,174
1420x910,96,170
1460x850,96,166
1470x920,96,149
1550x790,96,185
1560x900,96,216
1580x950,96,230
1770x940,96,175
1800x910,96,132
1810x850,96,167
1860x890,96,151
640x320,96,133
820x930,96,227
830x770,96,133
880x680,96,160
980x610,96,164
1010x450,95,181
1020x840,95,159
1060x930,95,158
1120x800,95,165
1330x830,95,178
1360x870,95,168
1400x590,95,195
1410x910,95,154
1470x690,95,169
1510x660,95,166
1550x910,95,155
1570x850,95,193
1600x980,95,145
1710x820,95,165
1710x830,95,169
1730x960,95,187
1770x870,95,158
1780x850,95,174
320x750,95,102
360x380,95,115
530x820,95,153
630x580,95,142
650x750,95,153
690x630,95,122
690x690,95,143
700x630,95,140
720x620,95,143
840x770,95,145
1120x790,94,150
1260x490,94,160
1310x870,94,139
1330x840,94,204
1340x910,94,175
1390x860,94,168
1510x950,94,204
1540x930,94,212
1730x910,94,153
1800x920,94,191
2560x1240,94,162
390x790,94,110
490x920,94,111
600x940,94,110
720x330,94,143
780x680,94,134
930x770,94,181
950x900,94,176
990x930,94,187
1150x810,93,145
1250x950,93,142
1320x830,93,158
1330x930,93,159
1350x870,93,145
1360x570,93,154
1380x900,93,182
1390x890,93,137
1400x830,93,140
1400x860,93,138
1400x870,93,192
1430x610,93,141
1440x930,93,141
1450x870,93,176
1450x930,93,207
1470x800,93,177
1520x950,93,164
1540x970,93,133
1590x940,93,167
1740x920,93,171
1810x1070,93,154
1830x910,93,151
1870x890,93,146
1910x1060,93,146
800x770,93,135
920x450,93,131
970x920,93,180
1030x630,92,146
1100x540,92,169
1130x510,92,142
1160x930,92,163
1190x530,92,159
1220x920,92,155
1240x920,92,327
1250x470,92,296
1270x950,92,221
1380x840,92,180
1390x930,92,185
1420x930,92,166
1510x870,92,173
1570x790,92,148
1580x820,92,181
1590x750,92,153
1610x800,92,320
1610x810,92,160
1630x790,92,149
1640x830,92,152
1700x830,92,189
1810x880,92,161
2000x990,92,183
2050x960,92,167
230x320,92,104
340x470,92,110
430x570,92,111
490x740,92,123
640x340,92,111
780x610,92,148
920x920,92,147
940x620,92,163
940x660,92,137
980x480,92,118
980x680,92,142
1000x800,91,140
1020x470,91,226
1030x930,91,166
1070x930,91,179
1160x790,91,151
1200x870,91,151
1210x900,91,151
1270x850,91,137
1330x860,91,144
1340x880,91,158
1340x920,91,165
1360x830,91,144
1440x990,91,164
1450x920,91,164
1470x770,91,169
1500x820,91,143
1510x900,91,145
1530x820,91,238
1530x840,91,207
1620x930,91,133
1630x930,91,180
1650x810,91,140
1690x880,91,176
1820x1010,91,133
230x270,91,120
380x30,91,94
620x540,91,131
670x590,91,124
680x630,91,116
680x700,91,130
700x600,91,152
960x600,91,133
970x650,91,135
980x930,91,150
1070x490,90,152
1080x800,90,125
1130x810,90,122
1170x790,90,145
1190x780,90,189
1190x930,90,163
1220x880,90,167
1250x820,90,181
1300x910,90,164
1390x950,90,183
1410x600,90,192
1450x780,90,151
1500x640,90,154
1500x780,90,175
1500x910,90,139
1510x880,90,150
1560x780,90,134
1610x930,90,213
1630x820,90,203
1640x820,90,179
1700x880,90,127
1770x880,90,176
400x730,90,113
720x610,90,121
730x620,90,128
750x680,90,125
820x770,90,130
830x800,90,183
880x690,90,128
880x760,90,133
890x930,90,125
940x670,90,174
950x770,90,160
990x670,90,181
990x900,90,167
1000x920,89,197
1050x580,89,140
1070x460,89,157
1130x530,89,150
1230x810,89,203
1240x890,89,238
1310x570,89,133
1320x820,89,127
1360x900,89,128
1390x830,89,147
1470x810,89,177
1520x930,89,183
1530x810,89,166
1550x950,89,170
1560x750,89,140
1580x680,89,160
1580x930,89,130
1620x820,89,166
1650x960,89,128
1670x800,89,138
1760x930,89,179
1770x920,89,154
1780x960,89,143
1820x900,89,173
2610x1240,89,146
590x700,89,125
610x560,89,136
670x570,89,119
690x680,89,109
690x770,89,124
690x790,89,111
710x640,89,105
720x780,89,119
740x330,89,111
750x670,89,173
790x610,89,152
790x650,89,140
930x820,89,127
950x600,89,182
990x890,89,153
1000x580,88,168
1020x460,88,156
1040x560,88,148
1070x550,88,167
1220x840,88,188
1300x860,88,154
1330x820,88,146
1330x920,88,153
1380x820,88,139
1470x940,88,148
1550x740,88,153
1550x780,88,151
1550x820,88,119
1700x910,88,169
1720x830,88,181
1720x920,88,179
1730x810,88,171
1740x870,88,162
1740x910,88,172
1760x850,88,159
1900x800,88,109
400x690,88,110
510x660,88,106
590x280,88,113
710x620,88,123
740x660,88,120
790x790,88,120
850x770,88,109
980x660,88,140
1050x930,87,136
1070x480,87,112
1340x820,87,141
1340x850,87,164
1440x940,87,124
1470x950,87,249
1510x770,87,160
1530x870,87,164
1550x810,87,175
1560x950,87,148
1570x930,87,140
1710x850,87,168
1810x860,87,172
1810x930,87,135
2050x1020,87,181
660x720,87,130
680x590,87,137
800x1100,87,130
970x560,87,176
970x600,87,154
970x680,87,160
990x770,87,136
1000x570,86,161
1060x550,86,139
1110x930,86,139
1210x870,86,141
1220x820,86,178
1230x780,86,126
1270x940,86,143
1290x930,86,174
1300x840,86,232
1300x850,86,187
1380x600,86,187
1400x880,86,125
1460x920,86,191
1500x650,86,131
1510x940,86,168
1530x830,86,136
1530x910,86,136
1720x900,86,179
1730x940,86,133
1740x940,86,166
1750x920,86,153
1760x870,86,166
1760x920,86,156
2540x1220,86,121
2610x1010,86,164
380x410,86,107
420x680,86,112
50x10,86,103
660x570,86,129
730x650,86,118
740x640,86,141
820x790,86,130
830x790,86,156
840x820,86,136
850x650,86,132
900x770,86,150
920x770,86,139
960x900,86,139
980x590,86,303
980x650,86,169
1030x920,85,144
1040x800,85,138
1070x530,85,109
1110x790,85,143
1190x840,85,126
1220x790,85,157
1230x870,85,155
1240x840,85,161
1270x820,85,148
1290x910,85,132
1300x890,85,133
1300x930,85,140
1350x510,85,156
1350x850,85,169
1440x580,85,161
1460x910,85,132
1500x760,85,148
1590x710,85,181
1740x900,85,164
1820x870,85,150
2540x910,85,217
680x280,85,111
750x610,85,136
800x790,85,145
930x640,85,137
950x470,85,221
960x910,85,144
980x1470,85,105
980x570,85,152
1020x810,84,152
1040x510,84,161
1100x500,84,160
1120x920,84,161
1210x830,84,132
1230x860,84,165
1250x830,84,172
1290x890,84,138
1340x890,84,203
1360x930,84,178
1390x920,84,150
1420x940,84,166
1460x670,84,165
1560x810,84,167
1590x950,84,145
1780x990,84,176
1840x910,84,186
1980x1190,84,103
2030x1080,84,152
300x300,84,378
350x540,84,112
660x760,84,120
890x680,84,132
920x680,84,118
1020x870,83,141
1040x810,83,151
1180x890,83,135
1210x810,83,134
1270x530,83,141
1270x840,83,127
1450x940,83,140
1610x780,83,242
1660x790,83,116
1730x950,83,128
1840x870,83,157
1870x880,83,191
1880x860,83,116
1890x970,83,133
1910x1080,83,141
1910x830,83,178
1910x840,83,173
1920x850,83,151
340x530,83,99
640x590,83,163
690x590,83,133
700x810,83,104
760x600,83,138
940x650,83,135
960x660,83,140
970x770,83,178
970x880,83,129
1000x480,82,130
1000x770,82,132
1070x540,82,137
1140x790,82,134
1170x780,82,144
1400x890,82,140
1410x830,82,192
1550x940,82,126
1700x940,82,214
1710x920,82,129
1710x940,82,171
1760x980,82,167
1770x930,82,207
1860x960,82,139
1900x810,82,149
2530x1160,82,270
300x500,82,105
380x840,82,123
410x490,82,106
640x710,82,142
660x680,82,111
710x660,82,111
730x610,82,106
740x800,82,139
750x800,82,128
800x640,82,125
920x800,82,104
940x610,82,118
990x580,82,135
1060x540,81,141
1200x930,81,151
1310x550,81,161
1320x570,81,127
1340x830,81,136
1340x950,81,191
1460x820,81,175
1610x940,81,134
1700x900,81,193
1740x850,81,152
1810x960,81,177
1920x1100,81,167
610x600,81,105
630x640,81,109
640x150,81,128
730x640,81,135
750x820,81,106
760x640,81,168
770x640,81,157
800x680,81,105
930x900,81,122
960x640,81,133
960x650,81,160
1010x930,80,106
1050x470,80,102
1050x920,80,126
1160x810,80,173
1170x930,80,142
1190x880,80,146
1190x920,80,191
1300x900,80,138
1420x1610,80,183
1480x950,80,162
1560x790,80,150
1600x960,80,187
1680x980,80,119
1700x1300,80,103
1720x910,80,124
1830x870,80,128
1890x850,80,166
1920x1040,80,117
1920x1070,80,146
2540x1260,80,134
440x700,80,112
530x740,80,101
610x590,80,151
650x740,80,166
690x980,80,95
720x600,80,108
850x680,80,127
850x820,80,142
910x560,80,117
930x660,80,139
940x860,80,228
960x550,80,160
960x620,80,158
970x610,80,122
1110x500,79,143
1120x890,79,123
1150x930,79,142
1160x520,79,145
1170x810,79,153
1220x860,79,116
1230x910,79,120
1280x1230,79,263
1310x850,79,158
1390x600,79,142
1550x720,79,158
1550x770,79,165
1550x800,79,129
1560x940,79,131
1570x950,79,170
1680x1050,79,137
1720x860,79,116
1770x860,79,134
1770x960,79,148
1800x810,79,159
1860x870,79,192
2050x990,79,148
2610x1270,79,130
430x850,79,94
590x760,79,101
620x740,79,102
630x740,79,105
670x310,79,96
700x800,79,127
710x610,79,104
740x670,79,131
740x860,79,135
770x610,79,159
880x620,79,111
890x1010,79,118
930x650,79,127
950x590,79,177
950x650,79,159
970x930,79,117
1020x430,78,122
1030x790,78,148
1050x510,78,121
1060x800,78,126
1120x930,78,145
1190x860,78,171
1210x530,78,149
1240x870,78,133
1260x1270,78,109
1290x920,78,130
1300x950,78,139
1330x950,78,195
1360x950,78,162
1390x850,78,163
1400x910,78,153
1410x950,78,146
1490x780,78,138
1490x910,78,117
1560x820,78,104
1610x950,78,161
1720x850,78,183
1720x940,78,123
1750x960,78,147
1770x910,78,131
1780x840,78,193
1840x960,78,180
2050x980,78,125
660x790,78,128
670x820,78,129
720x280,78,126
730x820,78,110
740x600,78,133
740x820,78,102
780x660,78,121
780x820,78,99
790x820,78,111
830x600,78,177
900x600,78,163
910x680,78,125
910x770,78,135
930x940,78,383
940x440,78,154
940x600,78,163
950x660,78,134
960x450,78,131
1050x800,77,183
1190x820,77,128
1230x920,77,169
1290x900,77,129
1410x960,77,167
1450x620,77,194
1450x910,77,127
1460x650,77,131
1500x790,77,146
1610x820,77,156
1620x800,77,172
1700x930,77,117
1720x890,77,113
1830x880,77,128
1880x880,77,110
2130x1080,77,190
640x700,77,89
780x640,77,136
780x800,77,108
920x650,77,130
940x460,77,121
950x790,77,135
950x890,77,149
960x540,77,145
970x670,77,111
980x770,77,171
1000x560,76,122
1020x960,76,133
1100x790,76,137
1210x880,76,118
1270x520,76,163
1470x680,76,139
1530x730,76,316
1560x910,76,114
1570x800,76,176
1580x1000,76,197
1600x700,76,149
1610x830,76,140
1630x780,76,158
1640x790,76,200
1760x950,76,107
1820x910,76,141
1830x860,76,187
1840x900,76,142
1880x960,76,164
300x510,76,88
380x790,76,135
400x740,76,86
430x760,76,99
780x620,76,116
790x660,76,100
800x650,76,116
860x640,76,123
910x610,76,97
950x800,76,134
970x570,76,112
1010x920,75,125
1030x490,75,116
1040x530,75,147
1130x790,75,117
1220x810,75,127
1240x850,75,122
1240x950,75,198
1290x850,75,126
1470x670,75,160
1490x940,75,143
1580x940,75,156
1590x720,75,159
1670x780,75,205
1700x850,75,128
1850x860,75,116
1850x870,75,155
2050x940,75,159
2550x1220,75,116
360x400,75,82
730x840,75,106
750x600,75,124
760x650,75,105
770x670,75,92
810x680,75,108
820x680,75,131
830x1070,75,120
840x610,75,109
860x600,75,93
900x650,75,129
920x640,75,132
980x800,75,146
1020x920,74,247
1100x510,74,127
1150x490,74,181
1260x1260,74,124
1280x850,74,133
1290x950,74,123
1340x940,74,148
1520x960,74,96
1540x960,74,100
1550x830,74,122
1700x1230,74,159
1700x920,74,118
1860x860,74,162
1910x1070,74,113
330x570,74,120
350x610,74,105
600x600,74,120
620x510,74,144
680x570,74,100
740x620,74,102
780x490,74,101
790x590,74,101
810x1060,74,109
830x650,74,109
870x770,74,155
920x390,74,312
920x620,74,100
940x590,74,109
940x800,74,150
950x610,74,116
950x640,74,97
980x540,74,170
980x630,74,109
1010x900,73,131
1180x920,73,127
1220x890,73,125
1300x560,73,96
1300x820,73,122
1320x550,73,174
1340x930,73,121
1360x910,73,164
1370x1000,73,142
1380x830,73,124
1380x950,73,157
1400x980,73,102
1600x740,73,142
1640x810,73,120
1690x750,73,152
1820x860,73,197
1920x1050,73,116
2080x1130,73,331
2550x1230,73,111
610x620,73,107
750x630,73,105
770x820,73,106
800x360,73,113
910x960,73,125
920x560,73,107
930x590,73,98
930x680,73,124
930x870,73,126
950x530,73,115
960x610,73,103
970x950,73,98
980x900,73,130
990x550,73,139
1010x910,72,113
1040x930,72,130
1070x800,72,130
1080x920,72,123
1090x800,72,115
1160x780,72,130
1210x820,72,100
1290x870,72,174
1310x830,72,154
1320x560,72,139
1360x1030,72,172
1380x590,72,192
1430x600,72,140
1430x940,72,138
1440x960,72,113
1480x770,72,134
1580x650,72,116
1710x880,72,161
1710x910,72,132
1810x840,72,139
1820x880,72,102
2610x1340,72,98
400x660,72,84
410x530,72,84
420x620,72,83
430x830,72,80
650x700,72,100
660x700,72,93
680x770,72,106
730x860,72,117
820x600,72,95
830x350,72,88
830x960,72,103
930x610,72,114
950x620,72,126
960x520,72,104
960x580,72,97
1100x490,71,158
1110x520,71,148
1140x880,71,189
1150x920,71,111
1180x930,71,129
1200x510,71,106
1210x520,71,130
1220x930,71,142
1230x890,71,113
1240x500,71,154
1240x520,71,101
1240x820,71,112
1260x970,71,124
1360x880,71,165
1370x550,71,118
1380x920,71,176
1400x960,71,147
1490x680,71,181
1510x670,71,114
1560x830,71,102
1570x730,71,109
1620x830,71,129
1640x800,71,126
1700x1000,71,139
1710x800,71,127
400x720,71,92
530x720,71,83
630x700,71,182
720x660,71,99
730x630,71,111
780x650,71,99
810x790,71,84
820x640,71,193
850x670,71,140
860x620,71,102
900x590,71,134
910x790,71,147
910x890,71,166
920x540,71,190
920x600,71,112
920x660,71,112
930x450,71,105
940x540,71,163
980x580,71,96
1000x550,70,109
1070x1610,70,106
1210x510,70,140
1220x510,70,129
1220x520,70,139
1220x850,70,134
1280x1300,70,133
1290x880,70,143
1330x910,70,191
1360x940,70,110
1480x940,70,190
1570x940,70,111
1650x750,70,154
1660x780,70,125
1730x790,70,123
1740x840,70,137
1770x950,70,121
1780x1060,70,102
2550x1260,70,116
2560x1290,70,111
420x860,70,85
450x640,70,89
640x730,70,88
690x660,70,100
700x780,70,103
810x640,70,114
840x650,70,100
840x680,70,89
850x790,70,112
860x840,70,100
870x600,70,121
900x940,70,118
910x670,70,119
920x590,70,120
920x950,70,118
940x560,70,102
950x870,70,121
990x960,70,107
1000x930,69,139
1040x540,69,96
1100x940,69,105
1140x920,69,138
1150x840,69,107
1170x850,69,96
1210x930,69,115
1220x830,69,182
1220x870,69,133
1310x820,69,120
1350x940,69,142
1390x910,69,111
1400x940,69,119
1450x950,69,143
1470x660,69,115
1490x960,69,126
1570x830,69,153
1700x1330,69,117
1810x940,69,103
1830x940,69,108
1870x870,69,132
1910x1040,69,120
2030x1070,69,108
2050x930,69,102
360x410,69,82
570x240,69,102
620x720,69,104
650x710,69,129
660x580,69,106
700x590,69,120
740x610,69,96
750x840,69,93
760x590,69,139
760x620,69,99
760x630,69,94
760x670,69,119
770x660,69,108
780x590,69,109
800x820,69,131
840x790,69,95
840x800,69,120
850x660,69,166
900x930,69,97
910x630,69,115
910x910,69,120
920x910,69,112
920x960,69,104
950x630,69,130
950x670,69,111
970x910,69,112
990x940,69,99
1060x490,68,148
1080x890,68,132
1170x520,68,127
1210x860,68,93
1230x850,68,105
1280x1250,68,96
1300x870,68,111
1370x540,68,111
1410x940,68,125
1460x660,68,104
1670x760,68,139
1680x760,68,89
1710x960,68,111
1770x850,68,124
1820x950,68,100
1850x980,68,101
320x640,68,85
360x440,68,80
590x240,68,125
600x810,68,131
600x850,68,93
610x570,68,103
650x760,68,105
670x580,68,124
690x820,68,87
710x600,68,112
730x600,68,102
730x660,68,108
730x800,68,140
750x810,68,127
770x980,68,94
850x620,68,152
860x790,68,99
870x640,68,93
890x640,68,105
940x1080,68,121
950x820,68,110
960x970,68,102
990x910,68,100
1010x940,67,100
1070x780,67,121
1110x920,67,108
1120x520,67,142
1170x840,67,109
1170x920,67,105
1190x510,67,112
1240x510,67,94
1470x960,67,113
1480x670,67,148
1520x630,67,110
1530x780,67,115
1560x730,67,175
1570x720,67,108
1600x710,67,95
1810x950,67,110
1870x1010,67,124
2180x1040,67,111
2480x1340,67,103
2540x1170,67,163
330x470,67,84
350x560,67,82
360x490,67,84
400x700,67,82
420x730,67,124
540x690,67,94
640x660,67,91
640x680,67,86
760x610,67,81
870x650,67,130
870x800,67,143
880x770,67,121
900x680,67,161
910x950,67,107
920x900,67,122
930x560,67,142
930x800,67,115
960x630,67,136
1010x1030,66,116
1040x550,66,127
1060x860,66,139
1090x930,66,128
1100x900,66,124
1130x930,66,116
1140x780,66,147
1180x900,66,93
1190x910,66,139
1210x920,66,108
1220x900,66,96
1270x510,66,125
1440x950,66,202
1450x650,66,113
1500x940,66,120
1550x960,66,109
1590x980,66,103
1650x780,66,98
1750x840,66,133
1780x1020,66,107
1860x880,66,99
2540x1460,66,95
650x560,66,93
710x670,66,117
760x800,66,110
790x800,66,98
810x650,66,165
830x660,66,116
830x680,66,95
840x990,66,108
860x680,66,76
890x590,66,101
890x650,66,92
890x670,66,149
900x920,66,92
920x670,66,87
930x890,66,132
940x630,66,86
960x590,66,104
960x670,66,130
980x560,66,115
990x850,66,103
1020x890,65,112
1040x920,65,136
1060x790,65,123
1140x810,65,90
1140x910,65,103
1150x500,65,115
1160x910,65,177
1160x920,65,114
1250x960,65,123
1350x950,65,102
1350x960,65,113
1440x570,65,100
1450x640,65,128
1500x960,65,123
1610x790,65,125
1700x1030,65,114
1750x950,65,91
1770x980,65,101
1820x930,65,107
1870x860,65,99
230x240,65,76
240x230,65,76
2560x1280,65,105
2610x1310,65,93
370x710,65,71
430x610,65,92
630x730,65,80
780x570,65,114
800x320,65,103
800x670,65,123
820x330,65,86
840x640,65,101
860x610,65,106
880x930,65,100
900x640,65,126
900x790,65,106
910x870,65,86
1000x530,64,119
1000x950,64,83
1020x780,64,127
1040x490,64,93
1060x870,64,114
1110x780,64,86
1130x780,64,96
1160x900,64,120
1180x950,64,109
1190x890,64,150
1190x900,64,110
1230x820,64,97
1230x840,64,116
1240x880,64,108
1280x1310,64,168
1300x940,64,85
1420x960,64,138
1460x950,64,107
1490x950,64,110
1520x940,64,132
1560x800,64,105
1680x1000,64,99
1680x1020,64,102
1740x980,64,113
1780x970,64,100
1800x940,64,128
2030x1030,64,109
2030x1060,64,88
2550x1380,64,125
320x390,64,70
540x700,64,81
610x730,64,97
720x670,64,80
730x670,64,94
820x650,64,108
830x620,64,128
850x590,64,114
860x770,64,107
860x820,64,116
870x790,64,130
910x620,64,122
910x940,64,105
910x970,64,86
930x670,64,106
930x910,64,156
940x550,64,97
940x790,64,94
970x940,64,142
990x540,64,119
1010x420,63,96
1010x790,63,116
1020x900,63,114
1040x460,63,104
1050x530,63,117
1070x920,63,126
1180x520,63,109
1200x1000,63,85
1200x830,63,116
1260x1240,63,131
1300x550,63,92
1500x950,63,127
1550x730,63,102
1560x760,63,115
1580x1070,63,127
1720x950,63,132
1790x1090,63,127
2610x1040,63,120
430x790,63,70
650x730,63,102
830x820,63,95
850x600,63,109
850x800,63,95
890x560,63,109
900x660,63,106
900x670,63,138
910x660,63,164
940x850,63,175
950x840,63,101
950x980,63,106
970x550,63,90
1010x950,62,113
1020x910,62,76
1040x790,62,108
1080x930,62,136
1100x810,62,120
1120x810,62,73
1120x910,62,105
1170x870,62,136
1200x880,62,123
1210x890,62,145
1280x1340,62,85
1290x820,62,75
1290x960,62,91
1390x940,62,128
1640x780,62,145
1660x770,62,138
1680x1010,62,93
1780x830,62,162
1800x950,62,83
1800x980,62,167
1850x880,62,86
1900x1450,62,113
1910x1100,62,136
2610x1590,62,117
320x720,62,78
340x430,62,70
410x870,62,71
500x740,62,72
570x230,62,70
620x660,62,72
630x630,62,106
640x750,62,86
650x580,62,98
650x720,62,99
700x570,62,97
800x410,62,81
800x610,62,101
810x1000,62,75
810x800,62,110
820x800,62,101
840x590,62,87
860x670,62,98
880x560,62,96
900x960,62,108
910x590,62,99
980x1420,62,81
990x800,62,97
1020x1220,61,92
1090x790,61,102
1110x490,61,99
1140x930,61,138
1150x830,61,141
1160x890,61,119
1200x910,61,90
1260x480,61,115
1270x1020,61,75
1310x950,61,76
1310x960,61,150
1320x970,61,108
1330x940,61,113
1420x600,61,126
1500x660,61,111
1510x960,61,120
1530x710,61,117
1620x960,61,109
1810x830,61,91
1860x1010,61,86
2540x920,61,81
360x310,61,76
630x710,61,80
670x560,61,125
710x590,61,142
710x850,61,103
710x900,61,87
730x280,61,80
770x360,61,164
800x620,61,104
820x900,61,89
840x560,61,91
840x950,61,181
870x680,61,110
880x660,61,82
890x1040,61,77
890x600,61,85
890x800,61,87
930x620,61,128
930x840,61,90
970x960,61,128
1000x490,60,187
1010x780,60,90
1010x960,60,111
1080x900,60,113
1090x920,60,80
1160x840,60,115
1230x510,60,89
1250x1280,60,100
1260x460,60,119
1270x1340,60,97
1290x830,60,106
1400x950,60,131
1560x960,60,76
1740x950,60,100
1800x900,60,160
1880x850,60,119
1910x1030,60,105
1910x1120,60,115
2050x1050,60,145
2140x1140,60,80
2610x1280,60,165
2610x1490,60,97
300x440,60,76
320x840,60,95
490x900,60,62
610x640,60,94
650x790,60,122
740x590,60,80
740x840,60,84
760x660,60,92
760x820,60,120
770x650,60,109
770x780,60,75
790x620,60,88
800x800,60,96
830x330,60,86
830x610,60,83
840x920,60,129
840x940,60,73
900x630,60,97
900x900,60,110
920x940,60,97
940x840,60,115
950x880,60,114
1030x540,59,109
1030x900,59,123
1050x900,59,85
1090x910,59,93
1120x840,59,111
1120x860,59,139
1150x820,59,79
1210x910,59,84
1230x940,59,101
1550x710,59,104
1570x960,59,109
1590x960,59,102
1720x780,59,181
1740x830,59,144
1840x860,59,80
1870x840,59,120
320x900,59,86
490x930,59,71
600x280,59,138
670x680,59,78
710x780,59,79
750x590,59,82
770x580,59,86
790x630,59,102
790x670,59,122
810x600,59,120
870x610,59,98
920x890,59,84
950x490,59,92
950x550,59,113
970x530,59,93
980x430,59,116
980x910,59,95
1020x450,58,92
1030x950,58,114
1050x520,58,97
1060x520,58,105
1090x810,58,133
1100x920,58,113
1110x840,58,97
1120x880,58,85
1150x900,58,122
1170x820,58,86
1170x830,58,103
1170x880,58,99
1200x950,58,124
1210x850,58,123
1480x960,58,120
1580x960,58,80
1610x770,58,106
1620x770,58,115
1700x950,58,83
1710x950,58,107
1750x810,58,114
1750x940,58,94
1880x1000,58,70
1920x840,58,78
430x800,58,64
440x750,58,76
620x680,58,96
690x570,58,74
810x610,58,91
810x780,58,77
820x610,58,89
820x660,58,81
850x840,58,80
860x660,58,75
890x630,58,111
920x870,58,130
930x570,58,101
950x570,58,99
980x460,58,128
1000x540,57,101
1000x900,57,91
1000x910,57,86
1040x900,57,104
1040x960,57,77
1060x500,57,101
1060x940,57,125
1070x810,57,113
1070x960,57,108
1100x1370,57,63
1100x880,57,88
1130x880,57,115
1130x900,57,107
1280x940,57,90
1390x960,57,92
1440x560,57,107
1530x960,57,95
1640x960,57,128
1720x810,57,92
1730x980,57,98
1820x840,57,139
2050x970,57,71
590x680,57,72
600x590,57,92
680x800,57,107
720x570,57,84
800x1150,57,71
810x620,57,77
820x910,57,77
840x670,57,83
850x640,57,96
870x630,57,99
880x630,57,103
880x650,57,101
880x670,57,151
900x620,57,97
920x610,57,105
940x820,57,145
950x1000,57,71
950x580,57,82
960x880,57,107
1010x430,56,110
1080x910,56,80
1090x840,56,78
1120x780,56,67
1140x860,56,93
1180x830,56,80
1180x880,56,70
1220x950,56,108
1290x940,56,112
1330x540,56,108
1330x960,56,89
1410x590,56,108
1430x960,56,114
1460x960,56,103
1600x720,56,87
1670x980,56,100
1700x810,56,98
1800x1010,56,98
1840x1100,56,71
230x310,56,98
290x640,56,79
340x560,56,67
390x600,56,70
410x510,56,70
620x700,56,77
630x750,56,64
710x630,56,102
760x570,56,141
760x810,56,97
770x600,56,87
770x800,56,74
800x630,56,88
810x660,56,115
820x620,56,85
830x640,56,82
830x840,56,83
840x890,56,85
880x920,56,89
890x570,56,94
890x610,56,100
890x960,56,84
900x580,56,83
900x950,56,75
940x570,56,129
950x860,56,75
960x870,56,84
960x890,56,104
980x940,56,81
1010x860,55,89
1010x870,55,107
1010x880,55,96
1020x950,55,98
1050x540,55,98
1060x920,55,82
1070x900,55,89
1080x880,55,87
1100x780,55,103
1130x520,55,98
1130x920,55,84
1140x840,55,95
1150x780,55,134
1190x850,55,99
1270x1250,55,93
1290x550,55,129
1320x990,55,105
1400x970,55,78
1440x970,55,78
1480x660,55,122
1530x790,55,95
1700x840,55,106
1700x960,55,144
1730x990,55,81
1760x810,55,142
1790x1000,55,74
2110x1090,55,145
330x480,55,67
360x340,55,61
360x750,55,65
490x730,55,89
490x870,55,93
490x880,55,92
650x680,55,69
680x670,55,66
720x630,55,81
770x630,55,93
780x670,55,78
830x590,55,77
830x670,55,113
840x970,55,70
860x650,55,101
920x630,55,96
970x800,55,92
1000x790,54,71
1000x870,54,87
1000x940,54,79
1010x1040,54,89
1040x940,54,103
1050x780,54,87
1060x780,54,78
1080x950,54,164
1100x870,54,95
1120x940,54,112
1130x840,54,89
1140x890,54,83
1180x500,54,103
1180x910,54,77
1180x960,54,101
1230x950,54,105
1570x710,54,86
1580x670,54,104
1610x760,54,132
1620x710,54,129
1630x760,54,125
1650x760,54,89
1720x960,54,104
1750x980,54,106
1790x810,54,88
1790x820,54,161
1830x960,54,89
390x470,54,64
650x660,54,70
680x950,54,71
730x590,54,96
730x890,54,116
750x570,54,94
790x640,54,90
810x670,54,77
810x910,54,80
820x820,54,86
840x620,54,79
870x590,54,80
880x610,54,118
880x640,54,67
880x790,54,112
920x840,54,78
930x600,54,87
950x460,54,87
950x560,54,73
980x550,54,81
1000x440,53,78
1010x810,53,85
1030x520,53,84
1030x890,53,99
1040x850,53,131
1050x870,53,77
1080x870,53,84
1110x910,53,148
1120x870,53,82
1120x900,53,114
1130x850,53,65
1130x950,53,89
1150x960,53,106
1160x510,53,96
1160x880,53,96
1170x860,53,95
1170x900,53,108
1230x830,53,87
1240x830,53,85
1270x1330,53,91
1470x640,53,174
1530x940,53,107
1560x720,53,88
1580x1030,53,87
1670x770,53,77
1690x710,53,124
1800x1070,53,104
1850x850,53,130
1890x820,53,101
1910x820,53,78
2540x1230,53,107
340x510,53,66
370x500,53,69
430x650,53,60
440x650,53,90
530x690,53,63
630x660,53,82
640x670,53,66
670x670,53,76
710x280,53,66
720x590,53,131
770x620,53,79
780x630,53,88
810x570,53,109
830x810,53,73
860x560,53,121
860x580,53,73
890x880,53,63
910x360,53,83
910x570,53,95
910x840,53,89
930x860,53,77
960x980,53,87
970x900,53,73
1020x790,52,67
1030x480,52,109
1030x510,52,85
1040x520,52,94
1050x1030,52,124
1050x810,52,80
1050x950,52,91
1070x910,52,81
1090x470,52,79
1090x780,52,90
1110x510,52,84
1130x890,52,75
1170x510,52,82
1180x940,52,100
1200x940,52,81
1320x980,52,106
1380x960,52,90
1490x670,52,101
1520x610,52,97
1590x1190,52,52
1830x840,52,76
1840x880,52,122
1880x980,52,82
450x770,52,89
460x780,52,63
480x720,52,96
650x690,52,86
730x570,52,192
790x330,52,89
790x810,52,73
830x560,52,91
840x570,52,85
840x860,52,76
850x610,52,97
870x410,52,92
890x790,52,81
900x500,52,74
920x790,52,69
960x800,52,77
970x790,52,88
980x950,52,76
980x960,52,116
990x810,52,78
1000x880,51,84
1030x780,51,85
1030x910,51,74
1040x820,51,110
1040x880,51,99
1050x940,51,91
1060x810,51,73
1100x910,51,92
1120x960,51,103
1150x860,51,105
1150x890,51,97
1240x940,51,99
1250x940,51,106
1270x1230,51,97
1340x960,51,99
1360x560,51,77
1430x590,51,114
1530x700,51,116
1630x960,51,62
1660x990,51,91
1680x700,51,136
1750x820,51,81
1800x800,51,119
1810x1110,51,90
1880x970,51,82
2030x720,51,116
2110x1170,51,163
360x760,51,64
640x790,51,65
680x680,51,65
690x560,51,79
720x560,51,96
740x630,51,77
820x510,51,77
820x630,51,73
830x570,51,89
840x630,51,66
840x850,51,97
850x410,51,87
860x630,51,83
860x800,51,80
880x590,51,67
880x600,51,133
940x490,51,114
940x580,51,188
970x890,51,94
990x870,51,88
990x880,51,84
1020x830,50,80
1060x840,50,81
1060x900,50,76
1090x880,50,72
1090x940,50,64
1100x480,50,85
1100x960,50,97
1160x820,50,74
1170x500,50,94
1170x910,50,96
1190x500,50,87
1230x500,50,77
1270x970,50,73
1450x630,50,83
1450x960,50,73
1710x770,50,100
1760x940,50,93
1760x960,50,105
1790x830,50,111
1830x850,50,91
1900x780,50,98
2240x1150,50,94
2530x1220,50,82
460x600,50,67
590x750,50,66
610x580,50,67
610x610,50,69
630x790,50,100
680x580,50,74
700x580,50,84
710x580,50,72
800x1230,50,72
800x370,50,71
810x580,50,78
820x670,50,79
850x630,50,129
860x930,50,142
870x620,50,113
880x960,50,72
900x560,50,81
910x390,50,73
920x570,50,88
930x630,50,70
940x830,50,123
950x540,50,107
960x490,50,75
970x870,50,87
1000x860,49,71
1030x840,49,77
1030x870,49,91
1040x870,49,86
1040x950,49,103
1050x960,49,105
1060x470,49,72
1060x880,49,79
1100x1330,49,54
1110x880,49,86
1140x480,49,77
1140x500,49,111
1190x940,49,93
1230x490,49,84
1260x1250,49,116
1280x510,49,83
1650x770,49,86
1700x1270,49,69
1700x800,49,120
1700x970,49,63
1840x840,49,165
1920x820,49,75
2110x1020,49,84
2560x1190,49,189
2610x1250,49,112
340x660,49,50
510x640,49,213
570x820,49,75
600x620,49,82
620x790,49,70
640x290,49,67
640x860,49,79
680x560,49,78
690x580,49,120
700x560,49,83
710x860,49,65
740x570,49,124
770x370,49,64
770x590,49,91
840x370,49,67
850x930,49,71
890x620,49,79
970x470,49,71
980x500,49,75
1030x500,48,75
1030x530,48,64
1030x880,48,73
1040x860,48,98
1060x960,48,83
1070x860,48,67
1070x890,48,103
1080x820,48,94
1100x820,48,90
1100x860,48,84
1110x900,48,86
1120x850,48,66
1130x940,48,74
1140x850,48,92
1140x870,48,114
1150x850,48,112
1160x950,48,119
1190x950,48,68
1200x500,48,81
1250x480,48,120
1260x1310,48,76
1280x1290,48,77
1360x960,48,94
1420x970,48,105
1430x580,48,75
1460x630,48,129
1460x940,48,83
1480x650,48,92
1490x640,48,150
1700x790,48,140
1720x820,48,71
1820x940,48,139
2050x1010,48,88
2110x1120,48,77
350x670,48,61
360x320,48,54
570x740,48,73
600x570,48,104
610x650,48,72
700x280,48,60
760x780,48,76
790x780,48,74
810x1050,48,50
810x360,48,55
820x960,48,69
890x860,48,88
890x950,48,80
900x540,48,110
910x410,48,90
1050x790,47,54
1050x910,47,63
1060x460,47,126
1100x950,47,125
1110x870,47,79
1110x940,47,67
1140x900,47,71
1160x870,47,109
1170x890,47,126
1210x950,47,88
1270x1300,47,71
1270x1310,47,99
1280x500,47,110
1290x540,47,90
1420x590,47,73
1560x980,47,78
1650x990,47,89
1660x1020,47,91
1660x970,47,94
1700x820,47,72
1750x990,47,70
1780x820,47,87
1810x970,47,115
1890x990,47,68
2000x980,47,95
2110x1010,47,88
2130x1040,47,136
2560x1200,47,87
2560x1350,47,69
2610x1370,47,85
360x260,47,60
450x660,47,51
490x850,47,108
580x600,47,71
590x650,47,67
600x560,47,86
630x760,47,78
740x780,47,62
750x320,47,107
790x900,47,78
800x570,47,75
800x780,47,83
810x590,47,83
820x440,47,128
820x810,47,76
830x1150,47,75
830x630,47,66
840x600,47,167
840x660,47,78
840x910,47,65
850x570,47,113
870x560,47,85
870x670,47,83
870x860,47,84
880x900,47,71
910x780,47,85
920x880,47,72
940x1010,47,62
940x990,47,61
960x1000,47,61
960x440,47,81
970x450,47,103
980x890,47,85
1000x470,46,62
1000x810,46,70
1030x850,46,62
1040x910,46,77
1070x790,46,61
1070x820,46,68
1110x860,46,96
1150x870,46,74
1160x860,46,75
1180x870,46,76
1270x1290,46,125
1280x1260,46,83
1280x1280,46,101
1320x540,46,84
1440x1610,46,75
1440x540,46,112
1510x620,46,154
1520x600,46,84
1610x960,46,80
1640x970,46,78
1760x970,46,105
1800x960,46,92
1810x1100,46,98
1860x1060,46,77
1870x850,46,82
1900x1180,46,51
2050x950,46,73
2540x1010,46,86
2550x1290,46,72
2560x1210,46,77
300x420,46,59
350x700,46,53
360x350,46,58
390x580,46,54
40x10,46,52
590x560,46,71
620x630,46,67
640x890,46,53
690x1010,46,50
720x860,46,60
760x560,46,70
770x560,46,61
820x590,46,90
830x920,46,58
850x370,46,71
870x660,46,62
900x970,46,71
910x580,46,61
930x580,46,105
990x510,46,68
1000x890,45,74
1000x960,45,63
1050x860,45,77
1070x870,45,101
1090x860,45,80
1110x890,45,91
1170x940,45,113
1200x490,45,71
1260x1610,45,47
1470x970,45,69
1490x660,45,66
1490x970,45,85
1510x640,45,95
1560x700,45,81
1580x1020,45,70
1580x1040,45,77
1650x980,45,69
1700x1260,45,67
1700x980,45,107
1770x810,45,106
1790x1070,45,82
1840x850,45,94
1900x790,45,96
1930x880,45,156
2540x890,45,68
2550x1240,45,84
2560x1440,45,120
340x650,45,52
360x370,45,51
460x810,45,106
530x750,45,49
570x750,45,65
590x640,45,54
640x580,45,63
660x820,45,61
690x960,45,63
710x560,45,69
770x570,45,67